,df,SS,pct_SS,rho,partial_eta2,F,p,order
Mutation fn,4,705484.519384414,32.75059946044722,9.662492720424734,0.43917363842735974,30805.901325780964,0.0,1
Pm,4,242552.4113114738,11.259973327209517,5.665630322817437,0.21212169707308812,10591.367271547502,0.0,1
Crossover fn,2,123627.33253350947,5.739132665450143,4.044852459943825,0.12066692934717671,10796.69731242282,0.0,1
Pm x Mutation fn,16,57424.43590706867,2.6658057660507732,2.7567272828921,0.05992131028614644,626.8782154799728,0.0,2
Crossover fn x Mutation fn,8,39741.829254374665,1.8449288339752952,2.29334483767581,0.04224940893278538,867.6893942226941,0.0,2
Pc x Mutation fn,24,32331.720269566467,1.500930482981747,2.068520559901737,0.034644665249397515,235.30111976236924,0.0,2
Pc x Pm,24,14417.050716976952,0.6692805305560289,1.3812861228385167,0.015750772710237823,104.92321933666886,0.0,2
Pc,6,10143.840859010255,0.47090596580892646,1.1586350150348113,0.011134228441527132,295.29602420358833,0.0,1
Pm x Crossover fn,8,8703.049561948641,0.404020332772872,1.0732012353763178,0.009567897650916781,190.01500293210705,0.0,2
Pc x Crossover fn,12,7127.708200670026,0.33088850277647386,0.9712262044914273,0.007849604536453182,103.74689048239547,3.995069319536259e-258,2
Selection,2,5166.513425781242,0.2398442590383546,0.8268832920600471,0.005702094918907365,451.20508932447535,4.016649481385995e-196,1
Pm x Selection,8,2750.839317888739,0.12770179104544405,0.6033621284542806,0.0030441182501358445,60.05949263344763,1.5495587903849574e-98,2
Selection x Mutation fn,8,2189.0358579007648,0.1016212753317692,0.5382349231817072,0.0024239254360888603,47.793552363083265,1.3952178298061607e-77,2
Pc x Selection,12,1514.6793849837916,0.07031572839030696,0.44771927607708945,0.0016784619915587561,22.04681671102692,1.382662179314146e-49,2
Selection x Crossover fn,4,30.466964793755135,0.0014143632260088198,0.06349799771926697,3.381698304082288e-05,1.3303797395177805,0.255874437109367,2
Residual,157357,900906.3421224125,41.82263671493911,10.919060131618949,,,,0
