factor,level,mean,std,sem,min,success %,group
Pc,0.3,22.3906091503268,4.3393657887568695,0.028929105258379134,17.41176470588235,1.8755555555555556,d
Pc,0.4,22.063560784313726,4.034491281657323,0.026896608544382156,17.41176470588235,1.7155555555555555,c
Pc,0.5,21.84712941176471,3.8097853338890766,0.025398568892593842,17.41176470588235,1.671111111111111,b
Pc,0.6,21.6984,3.5967828057408644,0.02397855203827243,17.41176470588235,1.5733333333333333,a
Pc,0.7,21.642005228758173,3.431560736236756,0.022877071574911707,17.41176470588235,1.1644444444444446,a
Pc,0.8,21.65899607843137,3.266194360456326,0.021774629069708843,17.41176470588235,0.9733333333333334,a
Pc,0.9,22.024070588235293,3.207730981597926,0.021384873210652838,17.41176470588235,0.43555555555555553,c
Pm,0.01,23.71724929971989,4.311108653878086,0.024290345476146613,17.41176470588235,0.3904761904761905,e
Pm,0.02,22.838578898225954,4.078078247127987,0.022977367877840195,17.41176470588235,0.9428571428571428,d
Pm,0.05,21.736506069094304,3.445639022079849,0.01941397653179593,17.41176470588235,1.7619047619047619,c
Pm,0.1,20.909071895424837,2.865669590869417,0.016146218982462768,17.41176470588235,2.104761904761905,b
Pm,0.2,20.316287581699346,2.3206637644121098,0.013075459028581269,17.41176470588235,1.5206349206349206,a
Selection,stochunif,21.80174453781513,3.5958709342400508,0.015693667376615816,17.41176470588235,1.3123809523809524,a
Selection,roulette,22.157987675070025,3.8144458854483316,0.016647606670837936,17.41176470588235,1.1485714285714286,b
Selection,tournament,21.750884033613442,3.6678038642821527,0.016007608421261428,17.41176470588235,1.5714285714285716,a
Crossover fn,scattered,20.665219047619047,2.7849121021751353,0.01215435286858681,17.41176470588235,1.8533333333333333,a
Crossover fn,singlepoint,22.688005602240896,3.9879197574142973,0.01740470871786757,17.41176470588235,1.0552380952380953,c
Crossover fn,twopoint,22.357391596638656,3.8752279201252366,0.01691288121826684,17.41176470588235,1.1238095238095238,b
Mutation fn,uniform,19.421411764705883,1.7551419971754263,0.009889104843770117,17.41176470588235,2.7142857142857144,b
Mutation fn,block,23.905019607843137,3.7905117118571603,0.02135711400582901,17.41176470588235,0.10476190476190476,e
Mutation fn,scramble,23.452922502334268,3.598064515905716,0.020272796896036106,17.41176470588235,0.09523809523809523,c
Mutation fn,swap,23.52065359477124,3.6020833863310737,0.020295440665630732,17.41176470588235,0.1111111111111111,d
Mutation fn,frequency,19.217686274509802,1.6186572783408057,0.009120100571580084,17.41176470588235,3.695238095238095,a
