factor,level,mean,std,sem
Pc,0.3,11.653193899782135,1.6946482750079535,0.035726322546003546
Pc,0.4,11.131032679738562,1.4564672162438685,0.030705024937970758
Pc,0.5,10.742527233115469,1.218783175503216,0.02569420538988598
Pc,0.6,10.516,1.062026141028489,0.02238947693526149
Pc,0.7,10.310893246187362,0.9311832752173196,0.01963106712494769
Pc,0.8,10.19437908496732,0.8636594685045578,0.01820754028829906
Pm,0.01,11.166056644880173,1.4607295891657839,0.028111754050603892
Pm,0.02,10.987814088598402,1.3856489254862543,0.026666826004393487
Pm,0.05,10.724255628177197,1.3424775578903245,0.025835992647633674
Pm,0.1,10.545018155410313,1.253188587153575,0.02411762560461611
Pm,0.2,10.366877269426288,1.0494943868867832,0.020197528892736183
Selection,stochunif,11.022579520697168,1.3819245866487568,0.020600515436832792
Selection,roulette,11.1300697167756,1.4248713024125812,0.021240727275887945
Selection,tournament,10.121363834422658,0.9019293904650028,0.013445169519897979
Crossover fn,scattered,10.2960697167756,1.0781599530356776,0.016072259637371706
Crossover fn,singlepoint,11.196849673202614,1.4322396125191006,0.021350567557737787
Crossover fn,twopoint,10.781093681917211,1.3217409552758714,0.019703350830949054
Mutation fn,uniform,10.236397966594044,0.9437412114541844,0.018162308082613897
Mutation fn,block,11.205294117647057,1.4116910751632312,0.02716800740860279
Mutation fn,scramble,11.109237472766884,1.4307332157831276,0.02753447357569759
Mutation fn,swap,11.1279883805374,1.4308425131560556,0.027536577004620314
Mutation fn,frequency,10.111103848946986,0.9042947052452185,0.01740315971666934
