rank,Pc,Pm,Selection,Crossover fn,Mutation fn,mean,std,median,min,max,mean+std
1,0.5,0.1,tournament,scattered,uniform,9.270588235294117,0.020250893313503,9.254901960784313,9.254901960784313,9.294117647058824,9.290839128607619
2,0.8,0.2,tournament,scattered,swap,9.311764705882352,0.12621319503542788,9.274509803921568,9.254901960784313,9.666666666666668,9.43797790091778
3,0.4,0.1,tournament,scattered,frequency,9.319607843137254,0.1371147744082121,9.294117647058822,9.254901960784313,9.705882352941174,9.456722617545466
4,0.4,0.2,tournament,scattered,frequency,9.331372549019608,0.21488263831839172,9.254901960784313,9.254901960784313,9.941176470588234,9.546255187338
5,0.5,0.2,tournament,scattered,uniform,9.335294117647058,0.21368651080655313,9.254901960784313,9.254901960784313,9.941176470588234,9.548980628453611
6,0.8,0.2,tournament,scattered,frequency,9.341176470588234,0.16200714650802195,9.254901960784313,9.254901960784313,9.64705882352941,9.503183617096257
7,0.8,0.1,tournament,scattered,frequency,9.34313725490196,0.21103116720212964,9.294117647058822,9.254901960784313,9.941176470588234,9.55416842210409
8,0.6,0.2,tournament,scattered,uniform,9.362745098039216,0.2728317838528344,9.294117647058822,9.254901960784313,10.137254901960786,9.635576881892051
9,0.4,0.1,tournament,singlepoint,frequency,9.370588235294116,0.20470145822813707,9.294117647058822,9.254901960784313,9.803921568627448,9.575289693522253
10,0.7,0.2,tournament,twopoint,frequency,9.372549019607842,0.23979001735744007,9.294117647058822,9.254901960784313,10.019607843137255,9.612339036965281
