Pc,Pm,selection,crossover_fn,mutation_fn,mean_cost_s
0.3,0.01,stochunif,scattered,uniform,11.433333333333334
0.3,0.01,stochunif,scattered,block,12.331372549019608
0.3,0.01,stochunif,scattered,scramble,12.868627450980393
0.3,0.01,stochunif,scattered,swap,12.633333333333333
0.3,0.01,stochunif,scattered,frequency,11.562745098039215
0.3,0.01,stochunif,singlepoint,uniform,12.4
0.3,0.01,stochunif,singlepoint,block,13.79019607843137
0.3,0.01,stochunif,singlepoint,scramble,14.498039215686273
0.3,0.01,stochunif,singlepoint,swap,14.396078431372548
0.3,0.01,stochunif,singlepoint,frequency,12.505882352941175
0.3,0.01,stochunif,twopoint,uniform,12.20392156862745
0.3,0.01,stochunif,twopoint,block,13.937254901960785
0.3,0.01,stochunif,twopoint,scramble,13.419607843137253
0.3,0.01,stochunif,twopoint,swap,13.96470588235294
0.3,0.01,stochunif,twopoint,frequency,11.790196078431372
0.3,0.01,roulette,scattered,uniform,12.141176470588235
0.3,0.01,roulette,scattered,block,13.709803921568627
0.3,0.01,roulette,scattered,scramble,12.745098039215685
0.3,0.01,roulette,scattered,swap,13.009803921568627
0.3,0.01,roulette,scattered,frequency,11.8
0.3,0.01,roulette,singlepoint,uniform,13.054901960784312
0.3,0.01,roulette,singlepoint,block,14.335294117647058
0.3,0.01,roulette,singlepoint,scramble,15.054901960784312
0.3,0.01,roulette,singlepoint,swap,13.690196078431374
0.3,0.01,roulette,singlepoint,frequency,12.101960784313723
0.3,0.01,roulette,twopoint,uniform,11.858823529411763
0.3,0.01,roulette,twopoint,block,13.8
0.3,0.01,roulette,twopoint,scramble,13.917647058823528
0.3,0.01,roulette,twopoint,swap,13.115686274509804
0.3,0.01,roulette,twopoint,frequency,12.558823529411764
0.3,0.01,tournament,scattered,uniform,10.313725490196079
0.3,0.01,tournament,scattered,block,10.862745098039216
0.3,0.01,tournament,scattered,scramble,11.258823529411764
0.3,0.01,tournament,scattered,swap,11.12156862745098
0.3,0.01,tournament,scattered,frequency,9.866666666666665
0.3,0.01,tournament,singlepoint,uniform,11.205882352941176
0.3,0.01,tournament,singlepoint,block,12.494117647058824
0.3,0.01,tournament,singlepoint,scramble,13.213725490196078
0.3,0.01,tournament,singlepoint,swap,12.407843137254902
0.3,0.01,tournament,singlepoint,frequency,10.890196078431371
0.3,0.01,tournament,twopoint,uniform,10.982352941176469
0.3,0.01,tournament,twopoint,block,11.752941176470587
0.3,0.01,tournament,twopoint,scramble,11.88235294117647
0.3,0.01,tournament,twopoint,swap,11.805882352941177
0.3,0.01,tournament,twopoint,frequency,10.880392156862746
0.3,0.02,stochunif,scattered,uniform,11.394117647058824
0.3,0.02,stochunif,scattered,block,12.794117647058822
0.3,0.02,stochunif,scattered,scramble,12.839215686274509
0.3,0.02,stochunif,scattered,swap,12.309803921568626
0.3,0.02,stochunif,scattered,frequency,10.733333333333333
0.3,0.02,stochunif,singlepoint,uniform,11.092156862745098
0.3,0.02,stochunif,singlepoint,block,13.594117647058823
0.3,0.02,stochunif,singlepoint,scramble,13.5078431372549
0.3,0.02,stochunif,singlepoint,swap,14.017647058823528
0.3,0.02,stochunif,singlepoint,frequency,10.819607843137254
0.3,0.02,stochunif,twopoint,uniform,11.270588235294117
0.3,0.02,stochunif,twopoint,block,12.425490196078432
0.3,0.02,stochunif,twopoint,scramble,12.8078431372549
0.3,0.02,stochunif,twopoint,swap,13.541176470588235
0.3,0.02,stochunif,twopoint,frequency,11.141176470588235
0.3,0.02,roulette,scattered,uniform,10.954901960784314
0.3,0.02,roulette,scattered,block,12.835294117647058
0.3,0.02,roulette,scattered,scramble,12.474509803921567
0.3,0.02,roulette,scattered,swap,12.241176470588234
0.3,0.02,roulette,scattered,frequency,10.70392156862745
0.3,0.02,roulette,singlepoint,uniform,11.801960784313724
0.3,0.02,roulette,singlepoint,block,14.025490196078431
0.3,0.02,roulette,singlepoint,scramble,14.343137254901961
0.3,0.02,roulette,singlepoint,swap,13.945098039215685
0.3,0.02,roulette,singlepoint,frequency,11.949019607843137
0.3,0.02,roulette,twopoint,uniform,11.547058823529412
0.3,0.02,roulette,twopoint,block,13.368627450980393
0.3,0.02,roulette,twopoint,scramble,13.617647058823527
0.3,0.02,roulette,twopoint,swap,13.668627450980392
0.3,0.02,roulette,twopoint,frequency,11.966666666666667
0.3,0.02,tournament,scattered,uniform,9.86862745098039
0.3,0.02,tournament,scattered,block,10.686274509803921
0.3,0.02,tournament,scattered,scramble,11.170588235294117
0.3,0.02,tournament,scattered,swap,10.558823529411764
0.3,0.02,tournament,scattered,frequency,9.598039215686274
0.3,0.02,tournament,singlepoint,uniform,10.152941176470588
0.3,0.02,tournament,singlepoint,block,12.041176470588235
0.3,0.02,tournament,singlepoint,scramble,12.141176470588235
0.3,0.02,tournament,singlepoint,swap,12.233333333333333
0.3,0.02,tournament,singlepoint,frequency,10.468627450980392
0.3,0.02,tournament,twopoint,uniform,10.321568627450981
0.3,0.02,tournament,twopoint,block,11.770588235294117
0.3,0.02,tournament,twopoint,scramble,12.162745098039215
0.3,0.02,tournament,twopoint,swap,11.917647058823528
0.3,0.02,tournament,twopoint,frequency,10.027450980392157
0.3,0.05,stochunif,scattered,uniform,10.315686274509805
0.3,0.05,stochunif,scattered,block,12.209803921568627
0.3,0.05,stochunif,scattered,scramble,12.358823529411765
0.3,0.05,stochunif,scattered,swap,12.229411764705882
0.3,0.05,stochunif,scattered,frequency,10.029411764705882
0.3,0.05,stochunif,singlepoint,uniform,10.862745098039216
0.3,0.05,stochunif,singlepoint,block,13.692156862745097
0.3,0.05,stochunif,singlepoint,scramble,13.358823529411762
0.3,0.05,stochunif,singlepoint,swap,13.398039215686273
0.3,0.05,stochunif,singlepoint,frequency,10.129411764705882
0.3,0.05,stochunif,twopoint,uniform,10.627450980392156
0.3,0.05,stochunif,twopoint,block,14.46470588235294
0.3,0.05,stochunif,twopoint,scramble,12.780392156862744
0.3,0.05,stochunif,twopoint,swap,12.756862745098038
0.3,0.05,stochunif,twopoint,frequency,10.245098039215687
0.3,0.05,roulette,scattered,uniform,10.035294117647059
0.3,0.05,roulette,scattered,block,12.633333333333333
0.3,0.05,roulette,scattered,scramble,12.780392156862744
0.3,0.05,roulette,scattered,swap,11.798039215686273
0.3,0.05,roulette,scattered,frequency,10.06862745098039
0.3,0.05,roulette,singlepoint,uniform,11.454901960784314
0.3,0.05,roulette,singlepoint,block,14.329411764705881
0.3,0.05,roulette,singlepoint,scramble,13.239215686274509
0.3,0.05,roulette,singlepoint,swap,14.10392156862745
0.3,0.05,roulette,singlepoint,frequency,10.354901960784314
0.3,0.05,roulette,twopoint,uniform,10.74313725490196
0.3,0.05,roulette,twopoint,block,12.805882352941177
0.3,0.05,roulette,twopoint,scramble,13.696078431372547
0.3,0.05,roulette,twopoint,swap,13.31764705882353
0.3,0.05,roulette,twopoint,frequency,9.798039215686273
0.3,0.05,tournament,scattered,uniform,9.54313725490196
0.3,0.05,tournament,scattered,block,10.51764705882353
0.3,0.05,tournament,scattered,scramble,10.941176470588236
0.3,0.05,tournament,scattered,swap,10.576470588235292
0.3,0.05,tournament,scattered,frequency,9.601960784313725
0.3,0.05,tournament,singlepoint,uniform,9.941176470588236
0.3,0.05,tournament,singlepoint,block,12.486274509803922
0.3,0.05,tournament,singlepoint,scramble,11.731372549019607
0.3,0.05,tournament,singlepoint,swap,11.93921568627451
0.3,0.05,tournament,singlepoint,frequency,9.458823529411763
0.3,0.05,tournament,twopoint,uniform,9.894117647058824
0.3,0.05,tournament,twopoint,block,12.341176470588234
0.3,0.05,tournament,twopoint,scramble,11.096078431372549
0.3,0.05,tournament,twopoint,swap,11.813725490196077
0.3,0.05,tournament,twopoint,frequency,9.431372549019606
0.3,0.1,stochunif,scattered,uniform,9.637254901960784
0.3,0.1,stochunif,scattered,block,12.601960784313727
0.3,0.1,stochunif,scattered,scramble,11.270588235294117
0.3,0.1,stochunif,scattered,swap,12.429411764705883
0.3,0.1,stochunif,scattered,frequency,9.78627450980392
0.3,0.1,stochunif,singlepoint,uniform,10.117647058823529
0.3,0.1,stochunif,singlepoint,block,13.168627450980392
0.3,0.1,stochunif,singlepoint,scramble,12.36078431372549
0.3,0.1,stochunif,singlepoint,swap,12.584313725490194
0.3,0.1,stochunif,singlepoint,frequency,9.915686274509802
0.3,0.1,stochunif,twopoint,uniform,9.919607843137253
0.3,0.1,stochunif,twopoint,block,12.754901960784313
0.3,0.1,stochunif,twopoint,scramble,13.152941176470586
0.3,0.1,stochunif,twopoint,swap,12.935294117647057
0.3,0.1,stochunif,twopoint,frequency,9.919607843137253
0.3,0.1,roulette,scattered,uniform,10.152941176470588
0.3,0.1,roulette,scattered,block,12.333333333333332
0.3,0.1,roulette,scattered,scramble,12.443137254901961
0.3,0.1,roulette,scattered,swap,12.47843137254902
0.3,0.1,roulette,scattered,frequency,9.790196078431372
0.3,0.1,roulette,singlepoint,uniform,10.43921568627451
0.3,0.1,roulette,singlepoint,block,14.054901960784312
0.3,0.1,roulette,singlepoint,scramble,12.735294117647058
0.3,0.1,roulette,singlepoint,swap,13.58235294117647
0.3,0.1,roulette,singlepoint,frequency,9.886274509803922
0.3,0.1,roulette,twopoint,uniform,10.219607843137254
0.3,0.1,roulette,twopoint,block,12.95686274509804
0.3,0.1,roulette,twopoint,scramble,12.678431372549019
0.3,0.1,roulette,twopoint,swap,11.996078431372549
0.3,0.1,roulette,twopoint,frequency,9.62156862745098
0.3,0.1,tournament,scattered,uniform,9.458823529411763
0.3,0.1,tournament,scattered,block,10.58235294117647
0.3,0.1,tournament,scattered,scramble,10.288235294117648
0.3,0.1,tournament,scattered,swap,10.741176470588234
0.3,0.1,tournament,scattered,frequency,9.46078431372549
0.3,0.1,tournament,singlepoint,uniform,9.674509803921568
0.3,0.1,tournament,singlepoint,block,12.33921568627451
0.3,0.1,tournament,singlepoint,scramble,11.766666666666667
0.3,0.1,tournament,singlepoint,swap,11.831372549019607
0.3,0.1,tournament,singlepoint,frequency,9.568627450980392
0.3,0.1,tournament,twopoint,uniform,9.633333333333333
0.3,0.1,tournament,twopoint,block,11.288235294117646
0.3,0.1,tournament,twopoint,scramble,11.258823529411764
0.3,0.1,tournament,twopoint,swap,11.16078431372549
0.3,0.1,tournament,twopoint,frequency,9.513725490196077
0.3,0.2,stochunif,scattered,uniform,10.298039215686273
0.3,0.2,stochunif,scattered,block,11.576470588235292
0.3,0.2,stochunif,scattered,scramble,11.519607843137255
0.3,0.2,stochunif,scattered,swap,11.668627450980392
0.3,0.2,stochunif,scattered,frequency,9.87843137254902
0.3,0.2,stochunif,singlepoint,uniform,10.662745098039215
0.3,0.2,stochunif,singlepoint,block,12.64313725490196
0.3,0.2,stochunif,singlepoint,scramble,12.349019607843136
0.3,0.2,stochunif,singlepoint,swap,12.398039215686273
0.3,0.2,stochunif,singlepoint,frequency,10.439215686274508
0.3,0.2,stochunif,twopoint,uniform,10.460784313725489
0.3,0.2,stochunif,twopoint,block,12.14313725490196
0.3,0.2,stochunif,twopoint,scramble,11.717647058823529
0.3,0.2,stochunif,twopoint,swap,11.729411764705882
0.3,0.2,stochunif,twopoint,frequency,10.074509803921568
0.3,0.2,roulette,scattered,uniform,9.892156862745097
0.3,0.2,roulette,scattered,block,12.003921568627451
0.3,0.2,roulette,scattered,scramble,11.523529411764704
0.3,0.2,roulette,scattered,swap,11.774509803921568
0.3,0.2,roulette,scattered,frequency,9.984313725490196
0.3,0.2,roulette,singlepoint,uniform,10.13921568627451
0.3,0.2,roulette,singlepoint,block,12.545098039215684
0.3,0.2,roulette,singlepoint,scramble,12.392156862745097
0.3,0.2,roulette,singlepoint,swap,12.258823529411764
0.3,0.2,roulette,singlepoint,frequency,9.954901960784312
0.3,0.2,roulette,twopoint,uniform,10.447058823529412
0.3,0.2,roulette,twopoint,block,12.609803921568627
0.3,0.2,roulette,twopoint,scramble,12.015686274509804
0.3,0.2,roulette,twopoint,swap,11.949019607843136
0.3,0.2,roulette,twopoint,frequency,9.850980392156861
0.3,0.2,tournament,scattered,uniform,9.650980392156862
0.3,0.2,tournament,scattered,block,10.176470588235293
0.3,0.2,tournament,scattered,scramble,10.064705882352941
0.3,0.2,tournament,scattered,swap,10.34313725490196
0.3,0.2,tournament,scattered,frequency,9.527450980392157
0.3,0.2,tournament,singlepoint,uniform,9.692156862745097
0.3,0.2,tournament,singlepoint,block,11.28627450980392
0.3,0.2,tournament,singlepoint,scramble,11.003921568627451
0.3,0.2,tournament,singlepoint,swap,11.176470588235293
0.3,0.2,tournament,singlepoint,frequency,9.588235294117647
0.3,0.2,tournament,twopoint,uniform,9.599999999999998
0.3,0.2,tournament,twopoint,block,10.984313725490194
0.3,0.2,tournament,twopoint,scramble,10.93921568627451
0.3,0.2,tournament,twopoint,swap,10.692156862745097
0.3,0.2,tournament,twopoint,frequency,9.501960784313725
0.4,0.01,stochunif,scattered,uniform,11.080392156862745
0.4,0.01,stochunif,scattered,block,12.268627450980393
0.4,0.01,stochunif,scattered,scramble,11.701960784313725
0.4,0.01,stochunif,scattered,swap,11.752941176470587
0.4,0.01,stochunif,scattered,frequency,11.049019607843137
0.4,0.01,stochunif,singlepoint,uniform,11.798039215686273
0.4,0.01,stochunif,singlepoint,block,13.009803921568627
0.4,0.01,stochunif,singlepoint,scramble,12.998039215686273
0.4,0.01,stochunif,singlepoint,swap,13.047058823529412
0.4,0.01,stochunif,singlepoint,frequency,12.623529411764704
0.4,0.01,stochunif,twopoint,uniform,12.190196078431372
0.4,0.01,stochunif,twopoint,block,12.598039215686274
0.4,0.01,stochunif,twopoint,scramble,12.74705882352941
0.4,0.01,stochunif,twopoint,swap,12.537254901960784
0.4,0.01,stochunif,twopoint,frequency,10.996078431372549
0.4,0.01,roulette,scattered,uniform,11.123529411764705
0.4,0.01,roulette,scattered,block,11.729411764705882
0.4,0.01,roulette,scattered,scramble,11.745098039215685
0.4,0.01,roulette,scattered,swap,11.913725490196077
0.4,0.01,roulette,scattered,frequency,10.556862745098039
0.4,0.01,roulette,singlepoint,uniform,12.42941176470588
0.4,0.01,roulette,singlepoint,block,12.833333333333332
0.4,0.01,roulette,singlepoint,scramble,13.168627450980392
0.4,0.01,roulette,singlepoint,swap,14.101960784313727
0.4,0.01,roulette,singlepoint,frequency,11.894117647058824
0.4,0.01,roulette,twopoint,uniform,11.564705882352941
0.4,0.01,roulette,twopoint,block,12.594117647058823
0.4,0.01,roulette,twopoint,scramble,13.164705882352942
0.4,0.01,roulette,twopoint,swap,13.119607843137254
0.4,0.01,roulette,twopoint,frequency,11.647058823529411
0.4,0.01,tournament,scattered,uniform,9.933333333333334
0.4,0.01,tournament,scattered,block,10.086274509803921
0.4,0.01,tournament,scattered,scramble,10.349019607843136
0.4,0.01,tournament,scattered,swap,10.327450980392157
0.4,0.01,tournament,scattered,frequency,9.564705882352941
0.4,0.01,tournament,singlepoint,uniform,10.72549019607843
0.4,0.01,tournament,singlepoint,block,11.150980392156864
0.4,0.01,tournament,singlepoint,scramble,12.037254901960784
0.4,0.01,tournament,singlepoint,swap,11.717647058823529
0.4,0.01,tournament,singlepoint,frequency,10.5078431372549
0.4,0.01,tournament,twopoint,uniform,10.570588235294116
0.4,0.01,tournament,twopoint,block,10.641176470588235
0.4,0.01,tournament,twopoint,scramble,11.152941176470588
0.4,0.01,tournament,twopoint,swap,11.190196078431372
0.4,0.01,tournament,twopoint,frequency,10.2
0.4,0.02,stochunif,scattered,uniform,10.952941176470588
0.4,0.02,stochunif,scattered,block,11.482352941176469
0.4,0.02,stochunif,scattered,scramble,11.701960784313725
0.4,0.02,stochunif,scattered,swap,11.896078431372548
0.4,0.02,stochunif,scattered,frequency,10.235294117647058
0.4,0.02,stochunif,singlepoint,uniform,11.149019607843137
0.4,0.02,stochunif,singlepoint,block,13.380392156862744
0.4,0.02,stochunif,singlepoint,scramble,12.633333333333333
0.4,0.02,stochunif,singlepoint,swap,13.741176470588234
0.4,0.02,stochunif,singlepoint,frequency,11.501960784313725
0.4,0.02,stochunif,twopoint,uniform,11.294117647058822
0.4,0.02,stochunif,twopoint,block,12.794117647058822
0.4,0.02,stochunif,twopoint,scramble,12.360784313725489
0.4,0.02,stochunif,twopoint,swap,12.866666666666665
0.4,0.02,stochunif,twopoint,frequency,10.605882352941176
0.4,0.02,roulette,scattered,uniform,10.988235294117647
0.4,0.02,roulette,scattered,block,12.427450980392155
0.4,0.02,roulette,scattered,scramble,11.854901960784314
0.4,0.02,roulette,scattered,swap,12.568627450980392
0.4,0.02,roulette,scattered,frequency,10.374509803921567
0.4,0.02,roulette,singlepoint,uniform,11.8
0.4,0.02,roulette,singlepoint,block,12.998039215686273
0.4,0.02,roulette,singlepoint,scramble,13.815686274509805
0.4,0.02,roulette,singlepoint,swap,13.450980392156861
0.4,0.02,roulette,singlepoint,frequency,11.709803921568627
0.4,0.02,roulette,twopoint,uniform,11.625490196078431
0.4,0.02,roulette,twopoint,block,12.090196078431372
0.4,0.02,roulette,twopoint,scramble,12.905882352941177
0.4,0.02,roulette,twopoint,swap,13.276470588235293
0.4,0.02,roulette,twopoint,frequency,10.535294117647059
0.4,0.02,tournament,scattered,uniform,9.649019607843137
0.4,0.02,tournament,scattered,block,10.08235294117647
0.4,0.02,tournament,scattered,scramble,10.115686274509804
0.4,0.02,tournament,scattered,swap,9.921568627450979
0.4,0.02,tournament,scattered,frequency,9.4
0.4,0.02,tournament,singlepoint,uniform,10.131372549019607
0.4,0.02,tournament,singlepoint,block,11.350980392156861
0.4,0.02,tournament,singlepoint,scramble,11.32549019607843
0.4,0.02,tournament,singlepoint,swap,11.778431372549019
0.4,0.02,tournament,singlepoint,frequency,10.213725490196078
0.4,0.02,tournament,twopoint,uniform,10.135294117647058
0.4,0.02,tournament,twopoint,block,10.47843137254902
0.4,0.02,tournament,twopoint,scramble,10.758823529411764
0.4,0.02,tournament,twopoint,swap,10.466666666666665
0.4,0.02,tournament,twopoint,frequency,10.10392156862745
0.4,0.05,stochunif,scattered,uniform,10.090196078431372
0.4,0.05,stochunif,scattered,block,11.778431372549019
0.4,0.05,stochunif,scattered,scramble,11.670588235294115
0.4,0.05,stochunif,scattered,swap,11.729411764705882
0.4,0.05,stochunif,scattered,frequency,9.641176470588235
0.4,0.05,stochunif,singlepoint,uniform,10.3078431372549
0.4,0.05,stochunif,singlepoint,block,12.733333333333333
0.4,0.05,stochunif,singlepoint,scramble,13.484313725490196
0.4,0.05,stochunif,singlepoint,swap,13.215686274509803
0.4,0.05,stochunif,singlepoint,frequency,10.196078431372548
0.4,0.05,stochunif,twopoint,uniform,10.127450980392156
0.4,0.05,stochunif,twopoint,block,12.452941176470588
0.4,0.05,stochunif,twopoint,scramble,12.609803921568627
0.4,0.05,stochunif,twopoint,swap,11.790196078431372
0.4,0.05,stochunif,twopoint,frequency,9.886274509803922
0.4,0.05,roulette,scattered,uniform,10.047058823529412
0.4,0.05,roulette,scattered,block,11.874509803921567
0.4,0.05,roulette,scattered,scramble,11.47843137254902
0.4,0.05,roulette,scattered,swap,11.83921568627451
0.4,0.05,roulette,scattered,frequency,10.111764705882353
0.4,0.05,roulette,singlepoint,uniform,10.511764705882353
0.4,0.05,roulette,singlepoint,block,12.935294117647057
0.4,0.05,roulette,singlepoint,scramble,12.47843137254902
0.4,0.05,roulette,singlepoint,swap,12.4078431372549
0.4,0.05,roulette,singlepoint,frequency,10.705882352941176
0.4,0.05,roulette,twopoint,uniform,10.5
0.4,0.05,roulette,twopoint,block,12.158823529411764
0.4,0.05,roulette,twopoint,scramble,12.470588235294116
0.4,0.05,roulette,twopoint,swap,12.276470588235295
0.4,0.05,roulette,twopoint,frequency,9.835294117647058
0.4,0.05,tournament,scattered,uniform,9.513725490196077
0.4,0.05,tournament,scattered,block,10.294117647058822
0.4,0.05,tournament,scattered,scramble,10.035294117647059
0.4,0.05,tournament,scattered,swap,9.964705882352941
0.4,0.05,tournament,scattered,frequency,9.666666666666666
0.4,0.05,tournament,singlepoint,uniform,9.72549019607843
0.4,0.05,tournament,singlepoint,block,11.433333333333334
0.4,0.05,tournament,singlepoint,scramble,11.152941176470588
0.4,0.05,tournament,singlepoint,swap,11.519607843137255
0.4,0.05,tournament,singlepoint,frequency,9.541176470588235
0.4,0.05,tournament,twopoint,uniform,9.568627450980392
0.4,0.05,tournament,twopoint,block,10.350980392156861
0.4,0.05,tournament,twopoint,scramble,10.26078431372549
0.4,0.05,tournament,twopoint,swap,10.974509803921567
0.4,0.05,tournament,twopoint,frequency,9.441176470588236
0.4,0.1,stochunif,scattered,uniform,9.611764705882353
0.4,0.1,stochunif,scattered,block,11.615686274509802
0.4,0.1,stochunif,scattered,scramble,11.272549019607842
0.4,0.1,stochunif,scattered,swap,11.819607843137254
0.4,0.1,stochunif,scattered,frequency,9.894117647058824
0.4,0.1,stochunif,singlepoint,uniform,10.113725490196078
0.4,0.1,stochunif,singlepoint,block,12.739215686274509
0.4,0.1,stochunif,singlepoint,scramble,12.219607843137254
0.4,0.1,stochunif,singlepoint,swap,13.001960784313727
0.4,0.1,stochunif,singlepoint,frequency,10.084313725490194
0.4,0.1,stochunif,twopoint,uniform,9.913725490196079
0.4,0.1,stochunif,twopoint,block,12.176470588235293
0.4,0.1,stochunif,twopoint,scramble,12.356862745098038
0.4,0.1,stochunif,twopoint,swap,12.213725490196078
0.4,0.1,stochunif,twopoint,frequency,9.941176470588236
0.4,0.1,roulette,scattered,uniform,9.629411764705882
0.4,0.1,roulette,scattered,block,11.874509803921569
0.4,0.1,roulette,scattered,scramble,10.896078431372548
0.4,0.1,roulette,scattered,swap,11.36470588235294
0.4,0.1,roulette,scattered,frequency,9.631372549019607
0.4,0.1,roulette,singlepoint,uniform,10.398039215686275
0.4,0.1,roulette,singlepoint,block,12.790196078431373
0.4,0.1,roulette,singlepoint,scramble,13.049019607843139
0.4,0.1,roulette,singlepoint,swap,12.672549019607843
0.4,0.1,roulette,singlepoint,frequency,9.841176470588234
0.4,0.1,roulette,twopoint,uniform,9.919607843137253
0.4,0.1,roulette,twopoint,block,11.78627450980392
0.4,0.1,roulette,twopoint,scramble,12.584313725490196
0.4,0.1,roulette,twopoint,swap,12.296078431372548
0.4,0.1,roulette,twopoint,frequency,9.78627450980392
0.4,0.1,tournament,scattered,uniform,9.392156862745097
0.4,0.1,tournament,scattered,block,10.056862745098039
0.4,0.1,tournament,scattered,scramble,9.60392156862745
0.4,0.1,tournament,scattered,swap,9.99019607843137
0.4,0.1,tournament,scattered,frequency,9.319607843137254
0.4,0.1,tournament,singlepoint,uniform,9.733333333333333
0.4,0.1,tournament,singlepoint,block,11.296078431372548
0.4,0.1,tournament,singlepoint,scramble,10.958823529411763
0.4,0.1,tournament,singlepoint,swap,11.158823529411764
0.4,0.1,tournament,singlepoint,frequency,9.370588235294116
0.4,0.1,tournament,twopoint,uniform,9.574509803921568
0.4,0.1,tournament,twopoint,block,10.72549019607843
0.4,0.1,tournament,twopoint,scramble,10.768627450980393
0.4,0.1,tournament,twopoint,swap,10.299999999999999
0.4,0.1,tournament,twopoint,frequency,9.458823529411763
0.4,0.2,stochunif,scattered,uniform,10.233333333333333
0.4,0.2,stochunif,scattered,block,11.047058823529412
0.4,0.2,stochunif,scattered,scramble,10.941176470588236
0.4,0.2,stochunif,scattered,swap,11.02941176470588
0.4,0.2,stochunif,scattered,frequency,9.813725490196079
0.4,0.2,stochunif,singlepoint,uniform,10.690196078431372
0.4,0.2,stochunif,singlepoint,block,12.084313725490196
0.4,0.2,stochunif,singlepoint,scramble,11.768627450980393
0.4,0.2,stochunif,singlepoint,swap,11.192156862745097
0.4,0.2,stochunif,singlepoint,frequency,9.709803921568627
0.4,0.2,stochunif,twopoint,uniform,9.992156862745098
0.4,0.2,stochunif,twopoint,block,11.807843137254903
0.4,0.2,stochunif,twopoint,scramble,11.062745098039215
0.4,0.2,stochunif,twopoint,swap,11.537254901960784
0.4,0.2,stochunif,twopoint,frequency,9.856862745098038
0.4,0.2,roulette,scattered,uniform,9.790196078431372
0.4,0.2,roulette,scattered,block,10.888235294117646
0.4,0.2,roulette,scattered,scramble,11.070588235294117
0.4,0.2,roulette,scattered,swap,11.52941176470588
0.4,0.2,roulette,scattered,frequency,9.945098039215685
0.4,0.2,roulette,singlepoint,uniform,9.95686274509804
0.4,0.2,roulette,singlepoint,block,11.711764705882352
0.4,0.2,roulette,singlepoint,scramble,11.30392156862745
0.4,0.2,roulette,singlepoint,swap,12.72549019607843
0.4,0.2,roulette,singlepoint,frequency,9.87843137254902
0.4,0.2,roulette,twopoint,uniform,9.954901960784314
0.4,0.2,roulette,twopoint,block,12.056862745098039
0.4,0.2,roulette,twopoint,scramble,11.152941176470588
0.4,0.2,roulette,twopoint,swap,11.184313725490195
0.4,0.2,roulette,twopoint,frequency,9.831372549019608
0.4,0.2,tournament,scattered,uniform,9.598039215686274
0.4,0.2,tournament,scattered,block,9.91764705882353
0.4,0.2,tournament,scattered,scramble,9.845098039215685
0.4,0.2,tournament,scattered,swap,9.609803921568627
0.4,0.2,tournament,scattered,frequency,9.331372549019608
0.4,0.2,tournament,singlepoint,uniform,9.472549019607843
0.4,0.2,tournament,singlepoint,block,10.88235294117647
0.4,0.2,tournament,singlepoint,scramble,10.509803921568627
0.4,0.2,tournament,singlepoint,swap,10.66078431372549
0.4,0.2,tournament,singlepoint,frequency,9.727450980392156
0.4,0.2,tournament,twopoint,uniform,9.750980392156862
0.4,0.2,tournament,twopoint,block,10.692156862745097
0.4,0.2,tournament,twopoint,scramble,9.911764705882351
0.4,0.2,tournament,twopoint,swap,10.152941176470588
0.4,0.2,tournament,twopoint,frequency,9.613725490196078
0.5,0.01,stochunif,scattered,uniform,10.701960784313725
0.5,0.01,stochunif,scattered,block,10.892156862745098
0.5,0.01,stochunif,scattered,scramble,11.347058823529412
0.5,0.01,stochunif,scattered,swap,11.276470588235295
0.5,0.01,stochunif,scattered,frequency,10.586274509803921
0.5,0.01,stochunif,singlepoint,uniform,11.737254901960785
0.5,0.01,stochunif,singlepoint,block,11.937254901960783
0.5,0.01,stochunif,singlepoint,scramble,12.858823529411765
0.5,0.01,stochunif,singlepoint,swap,12.756862745098038
0.5,0.01,stochunif,singlepoint,frequency,12.033333333333333
0.5,0.01,stochunif,twopoint,uniform,11.172549019607843
0.5,0.01,stochunif,twopoint,block,11.323529411764707
0.5,0.01,stochunif,twopoint,scramble,12.425490196078432
0.5,0.01,stochunif,twopoint,swap,12.056862745098039
0.5,0.01,stochunif,twopoint,frequency,11.684313725490195
0.5,0.01,roulette,scattered,uniform,10.760784313725491
0.5,0.01,roulette,scattered,block,11.035294117647059
0.5,0.01,roulette,scattered,scramble,11.015686274509804
0.5,0.01,roulette,scattered,swap,11.158823529411764
0.5,0.01,roulette,scattered,frequency,10.78235294117647
0.5,0.01,roulette,singlepoint,uniform,12.245098039215685
0.5,0.01,roulette,singlepoint,block,13.270588235294117
0.5,0.01,roulette,singlepoint,scramble,12.60392156862745
0.5,0.01,roulette,singlepoint,swap,12.78235294117647
0.5,0.01,roulette,singlepoint,frequency,11.782352941176471
0.5,0.01,roulette,twopoint,uniform,10.896078431372548
0.5,0.01,roulette,twopoint,block,11.707843137254901
0.5,0.01,roulette,twopoint,scramble,12.18235294117647
0.5,0.01,roulette,twopoint,swap,12.349019607843136
0.5,0.01,roulette,twopoint,frequency,11.178431372549019
0.5,0.01,tournament,scattered,uniform,9.576470588235294
0.5,0.01,tournament,scattered,block,10.007843137254902
0.5,0.01,tournament,scattered,scramble,9.723529411764705
0.5,0.01,tournament,scattered,swap,9.874509803921567
0.5,0.01,tournament,scattered,frequency,9.598039215686274
0.5,0.01,tournament,singlepoint,uniform,10.192156862745097
0.5,0.01,tournament,singlepoint,block,11.019607843137255
0.5,0.01,tournament,singlepoint,scramble,10.809803921568626
0.5,0.01,tournament,singlepoint,swap,10.613725490196078
0.5,0.01,tournament,singlepoint,frequency,10.647058823529411
0.5,0.01,tournament,twopoint,uniform,10.14313725490196
0.5,0.01,tournament,twopoint,block,10.423529411764704
0.5,0.01,tournament,twopoint,scramble,9.911764705882351
0.5,0.01,tournament,twopoint,swap,10.484313725490196
0.5,0.01,tournament,twopoint,frequency,10.201960784313725
0.5,0.02,stochunif,scattered,uniform,10.309803921568626
0.5,0.02,stochunif,scattered,block,11.221568627450981
0.5,0.02,stochunif,scattered,scramble,11.168627450980392
0.5,0.02,stochunif,scattered,swap,11.02941176470588
0.5,0.02,stochunif,scattered,frequency,10.245098039215685
0.5,0.02,stochunif,singlepoint,uniform,11.727450980392156
0.5,0.02,stochunif,singlepoint,block,13.554901960784312
0.5,0.02,stochunif,singlepoint,scramble,12.243137254901962
0.5,0.02,stochunif,singlepoint,swap,12.137254901960784
0.5,0.02,stochunif,singlepoint,frequency,10.698039215686274
0.5,0.02,stochunif,twopoint,uniform,10.556862745098039
0.5,0.02,stochunif,twopoint,block,11.99019607843137
0.5,0.02,stochunif,twopoint,scramble,11.36862745098039
0.5,0.02,stochunif,twopoint,swap,11.778431372549019
0.5,0.02,stochunif,twopoint,frequency,10.311764705882352
0.5,0.02,roulette,scattered,uniform,10.717647058823529
0.5,0.02,roulette,scattered,block,10.801960784313724
0.5,0.02,roulette,scattered,scramble,11.111764705882353
0.5,0.02,roulette,scattered,swap,11.045098039215686
0.5,0.02,roulette,scattered,frequency,10.7
0.5,0.02,roulette,singlepoint,uniform,11.484313725490196
0.5,0.02,roulette,singlepoint,block,12.727450980392156
0.5,0.02,roulette,singlepoint,scramble,12.268627450980391
0.5,0.02,roulette,singlepoint,swap,12.892156862745097
0.5,0.02,roulette,singlepoint,frequency,11.54313725490196
0.5,0.02,roulette,twopoint,uniform,10.898039215686273
0.5,0.02,roulette,twopoint,block,12.194117647058823
0.5,0.02,roulette,twopoint,scramble,12.117647058823529
0.5,0.02,roulette,twopoint,swap,11.698039215686274
0.5,0.02,roulette,twopoint,frequency,10.537254901960784
0.5,0.02,tournament,scattered,uniform,9.617647058823527
0.5,0.02,tournament,scattered,block,10.0
0.5,0.02,tournament,scattered,scramble,9.70392156862745
0.5,0.02,tournament,scattered,swap,9.601960784313723
0.5,0.02,tournament,scattered,frequency,9.6078431372549
0.5,0.02,tournament,singlepoint,uniform,10.250980392156862
0.5,0.02,tournament,singlepoint,block,11.237254901960783
0.5,0.02,tournament,singlepoint,scramble,10.976470588235294
0.5,0.02,tournament,singlepoint,swap,10.756862745098038
0.5,0.02,tournament,singlepoint,frequency,10.111764705882354
0.5,0.02,tournament,twopoint,uniform,10.080392156862745
0.5,0.02,tournament,twopoint,block,10.386274509803922
0.5,0.02,tournament,twopoint,scramble,10.370588235294118
0.5,0.02,tournament,twopoint,swap,10.335294117647058
0.5,0.02,tournament,twopoint,frequency,10.005882352941175
0.5,0.05,stochunif,scattered,uniform,9.998039215686275
0.5,0.05,stochunif,scattered,block,11.115686274509804
0.5,0.05,stochunif,scattered,scramble,10.976470588235292
0.5,0.05,stochunif,scattered,swap,10.688235294117646
0.5,0.05,stochunif,scattered,frequency,9.690196078431372
0.5,0.05,stochunif,singlepoint,uniform,10.692156862745097
0.5,0.05,stochunif,singlepoint,block,12.084313725490196
0.5,0.05,stochunif,singlepoint,scramble,12.119607843137254
0.5,0.05,stochunif,singlepoint,swap,12.445098039215686
0.5,0.05,stochunif,singlepoint,frequency,10.52156862745098
0.5,0.05,stochunif,twopoint,uniform,10.241176470588234
0.5,0.05,stochunif,twopoint,block,11.745098039215685
0.5,0.05,stochunif,twopoint,scramble,12.419607843137253
0.5,0.05,stochunif,twopoint,swap,11.356862745098038
0.5,0.05,stochunif,twopoint,frequency,10.023529411764706
0.5,0.05,roulette,scattered,uniform,10.041176470588235
0.5,0.05,roulette,scattered,block,10.921568627450979
0.5,0.05,roulette,scattered,scramble,10.866666666666665
0.5,0.05,roulette,scattered,swap,11.129411764705882
0.5,0.05,roulette,scattered,frequency,10.105882352941176
0.5,0.05,roulette,singlepoint,uniform,10.398039215686273
0.5,0.05,roulette,singlepoint,block,11.929411764705883
0.5,0.05,roulette,singlepoint,scramble,12.098039215686274
0.5,0.05,roulette,singlepoint,swap,12.20392156862745
0.5,0.05,roulette,singlepoint,frequency,10.62156862745098
0.5,0.05,roulette,twopoint,uniform,10.123529411764704
0.5,0.05,roulette,twopoint,block,12.213725490196078
0.5,0.05,roulette,twopoint,scramble,11.488235294117647
0.5,0.05,roulette,twopoint,swap,11.745098039215687
0.5,0.05,roulette,twopoint,frequency,10.066666666666666
0.5,0.05,tournament,scattered,uniform,9.572549019607843
0.5,0.05,tournament,scattered,block,9.813725490196077
0.5,0.05,tournament,scattered,scramble,9.645098039215686
0.5,0.05,tournament,scattered,swap,9.556862745098039
0.5,0.05,tournament,scattered,frequency,9.447058823529412
0.5,0.05,tournament,singlepoint,uniform,9.539215686274508
0.5,0.05,tournament,singlepoint,block,10.858823529411763
0.5,0.05,tournament,singlepoint,scramble,10.280392156862746
0.5,0.05,tournament,singlepoint,swap,10.817647058823528
0.5,0.05,tournament,singlepoint,frequency,9.545098039215684
0.5,0.05,tournament,twopoint,uniform,9.707843137254901
0.5,0.05,tournament,twopoint,block,10.074509803921568
0.5,0.05,tournament,twopoint,scramble,10.350980392156861
0.5,0.05,tournament,twopoint,swap,10.26078431372549
0.5,0.05,tournament,twopoint,frequency,9.552941176470588
0.5,0.1,stochunif,scattered,uniform,9.833333333333332
0.5,0.1,stochunif,scattered,block,10.452941176470587
0.5,0.1,stochunif,scattered,scramble,10.737254901960783
0.5,0.1,stochunif,scattered,swap,10.996078431372549
0.5,0.1,stochunif,scattered,frequency,9.501960784313725
0.5,0.1,stochunif,singlepoint,uniform,10.250980392156864
0.5,0.1,stochunif,singlepoint,block,12.319607843137254
0.5,0.1,stochunif,singlepoint,scramble,11.988235294117647
0.5,0.1,stochunif,singlepoint,swap,11.803921568627452
0.5,0.1,stochunif,singlepoint,frequency,9.813725490196077
0.5,0.1,stochunif,twopoint,uniform,10.08235294117647
0.5,0.1,stochunif,twopoint,block,11.317647058823528
0.5,0.1,stochunif,twopoint,scramble,11.376470588235295
0.5,0.1,stochunif,twopoint,swap,10.533333333333333
0.5,0.1,stochunif,twopoint,frequency,10.031372549019608
0.5,0.1,roulette,scattered,uniform,10.207843137254901
0.5,0.1,roulette,scattered,block,10.756862745098038
0.5,0.1,roulette,scattered,scramble,10.482352941176469
0.5,0.1,roulette,scattered,swap,10.74705882352941
0.5,0.1,roulette,scattered,frequency,9.774509803921568
0.5,0.1,roulette,singlepoint,uniform,10.184313725490195
0.5,0.1,roulette,singlepoint,block,12.049019607843137
0.5,0.1,roulette,singlepoint,scramble,11.972549019607843
0.5,0.1,roulette,singlepoint,swap,11.93921568627451
0.5,0.1,roulette,singlepoint,frequency,10.201960784313725
0.5,0.1,roulette,twopoint,uniform,9.87843137254902
0.5,0.1,roulette,twopoint,block,11.688235294117646
0.5,0.1,roulette,twopoint,scramble,11.794117647058822
0.5,0.1,roulette,twopoint,swap,11.16470588235294
0.5,0.1,roulette,twopoint,frequency,9.9078431372549
0.5,0.1,tournament,scattered,uniform,9.270588235294117
0.5,0.1,tournament,scattered,block,9.882352941176471
0.5,0.1,tournament,scattered,scramble,9.545098039215686
0.5,0.1,tournament,scattered,swap,9.915686274509804
0.5,0.1,tournament,scattered,frequency,9.419607843137253
0.5,0.1,tournament,singlepoint,uniform,9.572549019607843
0.5,0.1,tournament,singlepoint,block,10.36862745098039
0.5,0.1,tournament,singlepoint,scramble,10.596078431372549
0.5,0.1,tournament,singlepoint,swap,10.174509803921568
0.5,0.1,tournament,singlepoint,frequency,9.601960784313725
0.5,0.1,tournament,twopoint,uniform,9.601960784313723
0.5,0.1,tournament,twopoint,block,10.572549019607843
0.5,0.1,tournament,twopoint,scramble,10.10392156862745
0.5,0.1,tournament,twopoint,swap,9.945098039215685
0.5,0.1,tournament,twopoint,frequency,9.5078431372549
0.5,0.2,stochunif,scattered,uniform,9.841176470588234
0.5,0.2,stochunif,scattered,block,10.435294117647057
0.5,0.2,stochunif,scattered,scramble,10.2
0.5,0.2,stochunif,scattered,swap,10.476470588235292
0.5,0.2,stochunif,scattered,frequency,9.780392156862744
0.5,0.2,stochunif,singlepoint,uniform,9.780392156862744
0.5,0.2,stochunif,singlepoint,block,11.28627450980392
0.5,0.2,stochunif,singlepoint,scramble,11.505882352941176
0.5,0.2,stochunif,singlepoint,swap,11.470588235294118
0.5,0.2,stochunif,singlepoint,frequency,10.36470588235294
0.5,0.2,stochunif,twopoint,uniform,9.999999999999998
0.5,0.2,stochunif,twopoint,block,11.552941176470588
0.5,0.2,stochunif,twopoint,scramble,11.852941176470587
0.5,0.2,stochunif,twopoint,swap,10.715686274509803
0.5,0.2,stochunif,twopoint,frequency,9.684313725490195
0.5,0.2,roulette,scattered,uniform,10.201960784313725
0.5,0.2,roulette,scattered,block,10.739215686274509
0.5,0.2,roulette,scattered,scramble,10.288235294117646
0.5,0.2,roulette,scattered,swap,10.729411764705882
0.5,0.2,roulette,scattered,frequency,9.525490196078431
0.5,0.2,roulette,singlepoint,uniform,10.409803921568628
0.5,0.2,roulette,singlepoint,block,11.53921568627451
0.5,0.2,roulette,singlepoint,scramble,11.284313725490195
0.5,0.2,roulette,singlepoint,swap,11.194117647058823
0.5,0.2,roulette,singlepoint,frequency,9.980392156862745
0.5,0.2,roulette,twopoint,uniform,9.86470588235294
0.5,0.2,roulette,twopoint,block,11.36078431372549
0.5,0.2,roulette,twopoint,scramble,10.998039215686273
0.5,0.2,roulette,twopoint,swap,11.374509803921567
0.5,0.2,roulette,twopoint,frequency,10.011764705882353
0.5,0.2,tournament,scattered,uniform,9.335294117647058
0.5,0.2,tournament,scattered,block,9.77450980392157
0.5,0.2,tournament,scattered,scramble,9.372549019607842
0.5,0.2,tournament,scattered,swap,9.552941176470588
0.5,0.2,tournament,scattered,frequency,9.452941176470587
0.5,0.2,tournament,singlepoint,uniform,9.780392156862744
0.5,0.2,tournament,singlepoint,block,10.47843137254902
0.5,0.2,tournament,singlepoint,scramble,9.766666666666666
0.5,0.2,tournament,singlepoint,swap,10.152941176470588
0.5,0.2,tournament,singlepoint,frequency,9.564705882352941
0.5,0.2,tournament,twopoint,uniform,9.556862745098039
0.5,0.2,tournament,twopoint,block,9.737254901960785
0.5,0.2,tournament,twopoint,scramble,9.868627450980393
0.5,0.2,tournament,twopoint,swap,9.80392156862745
0.5,0.2,tournament,twopoint,frequency,9.570588235294117
0.6,0.01,stochunif,scattered,uniform,10.0078431372549
0.6,0.01,stochunif,scattered,block,10.647058823529411
0.6,0.01,stochunif,scattered,scramble,10.51764705882353
0.6,0.01,stochunif,scattered,swap,10.36078431372549
0.6,0.01,stochunif,scattered,frequency,10.180392156862744
0.6,0.01,stochunif,singlepoint,uniform,11.735294117647058
0.6,0.01,stochunif,singlepoint,block,11.611764705882353
0.6,0.01,stochunif,singlepoint,scramble,11.896078431372548
0.6,0.01,stochunif,singlepoint,swap,12.064705882352941
0.6,0.01,stochunif,singlepoint,frequency,11.86470588235294
0.6,0.01,stochunif,twopoint,uniform,10.696078431372548
0.6,0.01,stochunif,twopoint,block,11.303921568627452
0.6,0.01,stochunif,twopoint,scramble,10.831372549019607
0.6,0.01,stochunif,twopoint,swap,11.635294117647058
0.6,0.01,stochunif,twopoint,frequency,11.03921568627451
0.6,0.01,roulette,scattered,uniform,10.337254901960783
0.6,0.01,roulette,scattered,block,10.952941176470587
0.6,0.01,roulette,scattered,scramble,10.70392156862745
0.6,0.01,roulette,scattered,swap,10.374509803921567
0.6,0.01,roulette,scattered,frequency,10.709803921568627
0.6,0.01,roulette,singlepoint,uniform,11.217647058823529
0.6,0.01,roulette,singlepoint,block,12.547058823529412
0.6,0.01,roulette,singlepoint,scramble,11.598039215686274
0.6,0.01,roulette,singlepoint,swap,12.20392156862745
0.6,0.01,roulette,singlepoint,frequency,12.176470588235293
0.6,0.01,roulette,twopoint,uniform,10.619607843137256
0.6,0.01,roulette,twopoint,block,11.388235294117646
0.6,0.01,roulette,twopoint,scramble,10.711764705882352
0.6,0.01,roulette,twopoint,swap,11.105882352941176
0.6,0.01,roulette,twopoint,frequency,10.672549019607844
0.6,0.01,tournament,scattered,uniform,9.770588235294117
0.6,0.01,tournament,scattered,block,9.874509803921567
0.6,0.01,tournament,scattered,scramble,9.935294117647057
0.6,0.01,tournament,scattered,swap,9.729411764705882
0.6,0.01,tournament,scattered,frequency,9.488235294117647
0.6,0.01,tournament,singlepoint,uniform,10.413725490196079
0.6,0.01,tournament,singlepoint,block,10.392156862745098
0.6,0.01,tournament,singlepoint,scramble,10.317647058823528
0.6,0.01,tournament,singlepoint,swap,10.701960784313727
0.6,0.01,tournament,singlepoint,frequency,10.076470588235292
0.6,0.01,tournament,twopoint,uniform,9.739215686274509
0.6,0.01,tournament,twopoint,block,10.450980392156861
0.6,0.01,tournament,twopoint,scramble,10.34313725490196
0.6,0.01,tournament,twopoint,swap,10.384313725490196
0.6,0.01,tournament,twopoint,frequency,9.690196078431372
0.6,0.02,stochunif,scattered,uniform,10.133333333333333
0.6,0.02,stochunif,scattered,block,10.97843137254902
0.6,0.02,stochunif,scattered,scramble,10.696078431372548
0.6,0.02,stochunif,scattered,swap,10.550980392156863
0.6,0.02,stochunif,scattered,frequency,10.019607843137255
0.6,0.02,stochunif,singlepoint,uniform,11.066666666666666
0.6,0.02,stochunif,singlepoint,block,11.858823529411763
0.6,0.02,stochunif,singlepoint,scramble,11.484313725490196
0.6,0.02,stochunif,singlepoint,swap,12.88235294117647
0.6,0.02,stochunif,singlepoint,frequency,10.731372549019607
0.6,0.02,stochunif,twopoint,uniform,10.662745098039215
0.6,0.02,stochunif,twopoint,block,11.329411764705883
0.6,0.02,stochunif,twopoint,scramble,11.013725490196077
0.6,0.02,stochunif,twopoint,swap,10.849019607843136
0.6,0.02,stochunif,twopoint,frequency,10.24313725490196
0.6,0.02,roulette,scattered,uniform,10.098039215686274
0.6,0.02,roulette,scattered,block,11.145098039215686
0.6,0.02,roulette,scattered,scramble,10.986274509803922
0.6,0.02,roulette,scattered,swap,10.270588235294117
0.6,0.02,roulette,scattered,frequency,10.37843137254902
0.6,0.02,roulette,singlepoint,uniform,11.396078431372548
0.6,0.02,roulette,singlepoint,block,12.847058823529412
0.6,0.02,roulette,singlepoint,scramble,11.554901960784314
0.6,0.02,roulette,singlepoint,swap,12.433333333333334
0.6,0.02,roulette,singlepoint,frequency,11.052941176470588
0.6,0.02,roulette,twopoint,uniform,10.188235294117646
0.6,0.02,roulette,twopoint,block,11.170588235294117
0.6,0.02,roulette,twopoint,scramble,11.333333333333332
0.6,0.02,roulette,twopoint,swap,11.049019607843135
0.6,0.02,roulette,twopoint,frequency,10.298039215686273
0.6,0.02,tournament,scattered,uniform,9.8
0.6,0.02,tournament,scattered,block,9.698039215686276
0.6,0.02,tournament,scattered,scramble,9.692156862745097
0.6,0.02,tournament,scattered,swap,9.635294117647058
0.6,0.02,tournament,scattered,frequency,9.596078431372549
0.6,0.02,tournament,singlepoint,uniform,10.170588235294117
0.6,0.02,tournament,singlepoint,block,10.905882352941175
0.6,0.02,tournament,singlepoint,scramble,10.798039215686273
0.6,0.02,tournament,singlepoint,swap,10.40392156862745
0.6,0.02,tournament,singlepoint,frequency,9.86470588235294
0.6,0.02,tournament,twopoint,uniform,9.562745098039215
0.6,0.02,tournament,twopoint,block,10.327450980392156
0.6,0.02,tournament,twopoint,scramble,9.811764705882352
0.6,0.02,tournament,twopoint,swap,10.092156862745096
0.6,0.02,tournament,twopoint,frequency,9.598039215686274
0.6,0.05,stochunif,scattered,uniform,9.935294117647057
0.6,0.05,stochunif,scattered,block,10.635294117647058
0.6,0.05,stochunif,scattered,scramble,10.288235294117646
0.6,0.05,stochunif,scattered,swap,10.809803921568626
0.6,0.05,stochunif,scattered,frequency,9.607843137254902
0.6,0.05,stochunif,singlepoint,uniform,10.194117647058823
0.6,0.05,stochunif,singlepoint,block,12.198039215686274
0.6,0.05,stochunif,singlepoint,scramble,12.362745098039216
0.6,0.05,stochunif,singlepoint,swap,11.45686274509804
0.6,0.05,stochunif,singlepoint,frequency,9.988235294117647
0.6,0.05,stochunif,twopoint,uniform,10.284313725490197
0.6,0.05,stochunif,twopoint,block,11.698039215686274
0.6,0.05,stochunif,twopoint,scramble,11.04313725490196
0.6,0.05,stochunif,twopoint,swap,11.93921568627451
0.6,0.05,stochunif,twopoint,frequency,10.156862745098039
0.6,0.05,roulette,scattered,uniform,10.254901960784313
0.6,0.05,roulette,scattered,block,10.527450980392157
0.6,0.05,roulette,scattered,scramble,10.888235294117646
0.6,0.05,roulette,scattered,swap,10.54313725490196
0.6,0.05,roulette,scattered,frequency,9.780392156862746
0.6,0.05,roulette,singlepoint,uniform,10.337254901960783
0.6,0.05,roulette,singlepoint,block,12.054901960784314
0.6,0.05,roulette,singlepoint,scramble,12.298039215686275
0.6,0.05,roulette,singlepoint,swap,11.611764705882353
0.6,0.05,roulette,singlepoint,frequency,10.356862745098038
0.6,0.05,roulette,twopoint,uniform,9.933333333333334
0.6,0.05,roulette,twopoint,block,11.645098039215686
0.6,0.05,roulette,twopoint,scramble,11.949019607843137
0.6,0.05,roulette,twopoint,swap,11.558823529411764
0.6,0.05,roulette,twopoint,frequency,10.250980392156862
0.6,0.05,tournament,scattered,uniform,9.515686274509804
0.6,0.05,tournament,scattered,block,9.57843137254902
0.6,0.05,tournament,scattered,scramble,9.68235294117647
0.6,0.05,tournament,scattered,swap,9.749019607843136
0.6,0.05,tournament,scattered,frequency,9.458823529411763
0.6,0.05,tournament,singlepoint,uniform,9.945098039215685
0.6,0.05,tournament,singlepoint,block,10.449019607843137
0.6,0.05,tournament,singlepoint,scramble,10.741176470588233
0.6,0.05,tournament,singlepoint,swap,11.14313725490196
0.6,0.05,tournament,singlepoint,frequency,9.588235294117647
0.6,0.05,tournament,twopoint,uniform,9.58235294117647
0.6,0.05,tournament,twopoint,block,10.427450980392155
0.6,0.05,tournament,twopoint,scramble,10.054901960784314
0.6,0.05,tournament,twopoint,swap,10.074509803921568
0.6,0.05,tournament,twopoint,frequency,9.53921568627451
0.6,0.1,stochunif,scattered,uniform,9.772549019607842
0.6,0.1,stochunif,scattered,block,10.411764705882351
0.6,0.1,stochunif,scattered,scramble,10.386274509803922
0.6,0.1,stochunif,scattered,swap,10.254901960784313
0.6,0.1,stochunif,scattered,frequency,9.84313725490196
0.6,0.1,stochunif,singlepoint,uniform,10.250980392156862
0.6,0.1,stochunif,singlepoint,block,11.566666666666666
0.6,0.1,stochunif,singlepoint,scramble,11.452941176470587
0.6,0.1,stochunif,singlepoint,swap,11.696078431372548
0.6,0.1,stochunif,singlepoint,frequency,9.796078431372548
0.6,0.1,stochunif,twopoint,uniform,9.752941176470587
0.6,0.1,stochunif,twopoint,block,10.458823529411763
0.6,0.1,stochunif,twopoint,scramble,10.750980392156862
0.6,0.1,stochunif,twopoint,swap,11.070588235294117
0.6,0.1,stochunif,twopoint,frequency,9.623529411764704
0.6,0.1,roulette,scattered,uniform,9.790196078431372
0.6,0.1,roulette,scattered,block,10.62156862745098
0.6,0.1,roulette,scattered,scramble,10.254901960784313
0.6,0.1,roulette,scattered,swap,10.609803921568627
0.6,0.1,roulette,scattered,frequency,9.674509803921568
0.6,0.1,roulette,singlepoint,uniform,10.28627450980392
0.6,0.1,roulette,singlepoint,block,11.829411764705881
0.6,0.1,roulette,singlepoint,scramble,11.309803921568626
0.6,0.1,roulette,singlepoint,swap,12.031372549019606
0.6,0.1,roulette,singlepoint,frequency,9.713725490196078
0.6,0.1,roulette,twopoint,uniform,10.201960784313725
0.6,0.1,roulette,twopoint,block,11.16078431372549
0.6,0.1,roulette,twopoint,scramble,11.047058823529412
0.6,0.1,roulette,twopoint,swap,10.78627450980392
0.6,0.1,roulette,twopoint,frequency,9.919607843137253
0.6,0.1,tournament,scattered,uniform,9.527450980392157
0.6,0.1,tournament,scattered,block,9.745098039215685
0.6,0.1,tournament,scattered,scramble,9.652941176470588
0.6,0.1,tournament,scattered,swap,9.63921568627451
0.6,0.1,tournament,scattered,frequency,9.423529411764704
0.6,0.1,tournament,singlepoint,uniform,9.466666666666665
0.6,0.1,tournament,singlepoint,block,10.37843137254902
0.6,0.1,tournament,singlepoint,scramble,9.811764705882352
0.6,0.1,tournament,singlepoint,swap,10.741176470588234
0.6,0.1,tournament,singlepoint,frequency,9.633333333333333
0.6,0.1,tournament,twopoint,uniform,9.70392156862745
0.6,0.1,tournament,twopoint,block,10.511764705882353
0.6,0.1,tournament,twopoint,scramble,10.001960784313725
0.6,0.1,tournament,twopoint,swap,9.805882352941175
0.6,0.1,tournament,twopoint,frequency,9.433333333333334
0.6,0.2,stochunif,scattered,uniform,9.686274509803921
0.6,0.2,stochunif,scattered,block,10.36470588235294
0.6,0.2,stochunif,scattered,scramble,10.25294117647059
0.6,0.2,stochunif,scattered,swap,10.02941176470588
0.6,0.2,stochunif,scattered,frequency,9.745098039215685
0.6,0.2,stochunif,singlepoint,uniform,9.976470588235294
0.6,0.2,stochunif,singlepoint,block,10.966666666666667
0.6,0.2,stochunif,singlepoint,scramble,11.564705882352941
0.6,0.2,stochunif,singlepoint,swap,10.63921568627451
0.6,0.2,stochunif,singlepoint,frequency,10.190196078431372
0.6,0.2,stochunif,twopoint,uniform,9.925490196078432
0.6,0.2,stochunif,twopoint,block,11.08235294117647
0.6,0.2,stochunif,twopoint,scramble,10.570588235294116
0.6,0.2,stochunif,twopoint,swap,11.050980392156863
0.6,0.2,stochunif,twopoint,frequency,9.7
0.6,0.2,roulette,scattered,uniform,9.76470588235294
0.6,0.2,roulette,scattered,block,10.431372549019608
0.6,0.2,roulette,scattered,scramble,10.217647058823527
0.6,0.2,roulette,scattered,swap,10.762745098039215
0.6,0.2,roulette,scattered,frequency,9.641176470588235
0.6,0.2,roulette,singlepoint,uniform,10.03921568627451
0.6,0.2,roulette,singlepoint,block,11.394117647058824
0.6,0.2,roulette,singlepoint,scramble,11.58627450980392
0.6,0.2,roulette,singlepoint,swap,11.115686274509802
0.6,0.2,roulette,singlepoint,frequency,10.201960784313725
0.6,0.2,roulette,twopoint,uniform,9.982352941176469
0.6,0.2,roulette,twopoint,block,11.219607843137254
0.6,0.2,roulette,twopoint,scramble,10.556862745098039
0.6,0.2,roulette,twopoint,swap,10.566666666666666
0.6,0.2,roulette,twopoint,frequency,10.262745098039215
0.6,0.2,tournament,scattered,uniform,9.362745098039216
0.6,0.2,tournament,scattered,block,9.56862745098039
0.6,0.2,tournament,scattered,scramble,9.41764705882353
0.6,0.2,tournament,scattered,swap,9.531372549019608
0.6,0.2,tournament,scattered,frequency,9.49019607843137
0.6,0.2,tournament,singlepoint,uniform,9.884313725490196
0.6,0.2,tournament,singlepoint,block,10.125490196078431
0.6,0.2,tournament,singlepoint,scramble,10.16078431372549
0.6,0.2,tournament,singlepoint,swap,10.28627450980392
0.6,0.2,tournament,singlepoint,frequency,9.617647058823529
0.6,0.2,tournament,twopoint,uniform,9.545098039215684
0.6,0.2,tournament,twopoint,block,10.237254901960785
0.6,0.2,tournament,twopoint,scramble,10.10392156862745
0.6,0.2,tournament,twopoint,swap,10.194117647058823
0.6,0.2,tournament,twopoint,frequency,9.488235294117647
0.7,0.01,stochunif,scattered,uniform,9.923529411764706
0.7,0.01,stochunif,scattered,block,10.25294117647059
0.7,0.01,stochunif,scattered,scramble,10.20392156862745
0.7,0.01,stochunif,scattered,swap,10.217647058823529
0.7,0.01,stochunif,scattered,frequency,9.805882352941177
0.7,0.01,stochunif,singlepoint,uniform,11.152941176470588
0.7,0.01,stochunif,singlepoint,block,11.172549019607843
0.7,0.01,stochunif,singlepoint,scramble,11.854901960784314
0.7,0.01,stochunif,singlepoint,swap,11.823529411764707
0.7,0.01,stochunif,singlepoint,frequency,10.862745098039216
0.7,0.01,stochunif,twopoint,uniform,10.501960784313725
0.7,0.01,stochunif,twopoint,block,10.470588235294116
0.7,0.01,stochunif,twopoint,scramble,10.449019607843136
0.7,0.01,stochunif,twopoint,swap,10.96862745098039
0.7,0.01,stochunif,twopoint,frequency,10.639215686274508
0.7,0.01,roulette,scattered,uniform,9.974509803921567
0.7,0.01,roulette,scattered,block,9.88235294117647
0.7,0.01,roulette,scattered,scramble,10.207843137254901
0.7,0.01,roulette,scattered,swap,10.188235294117646
0.7,0.01,roulette,scattered,frequency,10.035294117647059
0.7,0.01,roulette,singlepoint,uniform,11.062745098039215
0.7,0.01,roulette,singlepoint,block,11.698039215686274
0.7,0.01,roulette,singlepoint,scramble,11.701960784313725
0.7,0.01,roulette,singlepoint,swap,11.633333333333333
0.7,0.01,roulette,singlepoint,frequency,10.919607843137253
0.7,0.01,roulette,twopoint,uniform,10.574509803921568
0.7,0.01,roulette,twopoint,block,10.976470588235292
0.7,0.01,roulette,twopoint,scramble,10.57843137254902
0.7,0.01,roulette,twopoint,swap,10.947058823529412
0.7,0.01,roulette,twopoint,frequency,10.690196078431372
0.7,0.01,tournament,scattered,uniform,9.549019607843137
0.7,0.01,tournament,scattered,block,9.749019607843136
0.7,0.01,tournament,scattered,scramble,9.494117647058824
0.7,0.01,tournament,scattered,swap,9.645098039215686
0.7,0.01,tournament,scattered,frequency,9.450980392156861
0.7,0.01,tournament,singlepoint,uniform,10.223529411764705
0.7,0.01,tournament,singlepoint,block,10.680392156862744
0.7,0.01,tournament,singlepoint,scramble,10.727450980392156
0.7,0.01,tournament,singlepoint,swap,10.360784313725489
0.7,0.01,tournament,singlepoint,frequency,9.788235294117646
0.7,0.01,tournament,twopoint,uniform,9.645098039215686
0.7,0.01,tournament,twopoint,block,10.129411764705882
0.7,0.01,tournament,twopoint,scramble,10.013725490196077
0.7,0.01,tournament,twopoint,swap,9.996078431372549
0.7,0.01,tournament,twopoint,frequency,9.899999999999999
0.7,0.02,stochunif,scattered,uniform,10.166666666666666
0.7,0.02,stochunif,scattered,block,10.26078431372549
0.7,0.02,stochunif,scattered,scramble,9.921568627450979
0.7,0.02,stochunif,scattered,swap,9.941176470588236
0.7,0.02,stochunif,scattered,frequency,9.819607843137254
0.7,0.02,stochunif,singlepoint,uniform,10.709803921568627
0.7,0.02,stochunif,singlepoint,block,11.064705882352943
0.7,0.02,stochunif,singlepoint,scramble,11.88235294117647
0.7,0.02,stochunif,singlepoint,swap,11.21372549019608
0.7,0.02,stochunif,singlepoint,frequency,10.394117647058824
0.7,0.02,stochunif,twopoint,uniform,10.101960784313723
0.7,0.02,stochunif,twopoint,block,11.174509803921568
0.7,0.02,stochunif,twopoint,scramble,11.150980392156864
0.7,0.02,stochunif,twopoint,swap,10.37843137254902
0.7,0.02,stochunif,twopoint,frequency,10.249019607843136
0.7,0.02,roulette,scattered,uniform,10.41764705882353
0.7,0.02,roulette,scattered,block,10.205882352941176
0.7,0.02,roulette,scattered,scramble,10.413725490196077
0.7,0.02,roulette,scattered,swap,10.609803921568627
0.7,0.02,roulette,scattered,frequency,9.949019607843137
0.7,0.02,roulette,singlepoint,uniform,11.050980392156863
0.7,0.02,roulette,singlepoint,block,11.768627450980393
0.7,0.02,roulette,singlepoint,scramble,11.52941176470588
0.7,0.02,roulette,singlepoint,swap,11.43921568627451
0.7,0.02,roulette,singlepoint,frequency,11.07843137254902
0.7,0.02,roulette,twopoint,uniform,10.525490196078431
0.7,0.02,roulette,twopoint,block,10.827450980392156
0.7,0.02,roulette,twopoint,scramble,10.911764705882351
0.7,0.02,roulette,twopoint,swap,11.27450980392157
0.7,0.02,roulette,twopoint,frequency,10.02156862745098
0.7,0.02,tournament,scattered,uniform,9.588235294117647
0.7,0.02,tournament,scattered,block,9.709803921568627
0.7,0.02,tournament,scattered,scramble,9.688235294117646
0.7,0.02,tournament,scattered,swap,9.472549019607843
0.7,0.02,tournament,scattered,frequency,9.509803921568627
0.7,0.02,tournament,singlepoint,uniform,10.166666666666668
0.7,0.02,tournament,singlepoint,block,10.566666666666666
0.7,0.02,tournament,singlepoint,scramble,10.366666666666665
0.7,0.02,tournament,singlepoint,swap,10.641176470588235
0.7,0.02,tournament,singlepoint,frequency,9.988235294117647
0.7,0.02,tournament,twopoint,uniform,9.799999999999999
0.7,0.02,tournament,twopoint,block,10.113725490196078
0.7,0.02,tournament,twopoint,scramble,9.770588235294117
0.7,0.02,tournament,twopoint,swap,10.194117647058823
0.7,0.02,tournament,twopoint,frequency,9.749019607843136
0.7,0.05,stochunif,scattered,uniform,9.86078431372549
0.7,0.05,stochunif,scattered,block,9.588235294117647
0.7,0.05,stochunif,scattered,scramble,9.911764705882351
0.7,0.05,stochunif,scattered,swap,9.992156862745096
0.7,0.05,stochunif,scattered,frequency,9.574509803921568
0.7,0.05,stochunif,singlepoint,uniform,10.178431372549019
0.7,0.05,stochunif,singlepoint,block,11.841176470588234
0.7,0.05,stochunif,singlepoint,scramble,11.541176470588235
0.7,0.05,stochunif,singlepoint,swap,11.037254901960784
0.7,0.05,stochunif,singlepoint,frequency,10.572549019607843
0.7,0.05,stochunif,twopoint,uniform,10.319607843137254
0.7,0.05,stochunif,twopoint,block,10.598039215686274
0.7,0.05,stochunif,twopoint,scramble,10.692156862745097
0.7,0.05,stochunif,twopoint,swap,11.299999999999999
0.7,0.05,stochunif,twopoint,frequency,9.780392156862744
0.7,0.05,roulette,scattered,uniform,10.058823529411764
0.7,0.05,roulette,scattered,block,10.196078431372548
0.7,0.05,roulette,scattered,scramble,9.827450980392156
0.7,0.05,roulette,scattered,swap,10.049019607843139
0.7,0.05,roulette,scattered,frequency,9.743137254901962
0.7,0.05,roulette,singlepoint,uniform,10.515686274509804
0.7,0.05,roulette,singlepoint,block,11.22549019607843
0.7,0.05,roulette,singlepoint,scramble,11.133333333333333
0.7,0.05,roulette,singlepoint,swap,11.36470588235294
0.7,0.05,roulette,singlepoint,frequency,10.723529411764705
0.7,0.05,roulette,twopoint,uniform,10.309803921568626
0.7,0.05,roulette,twopoint,block,10.670588235294117
0.7,0.05,roulette,twopoint,scramble,10.74313725490196
0.7,0.05,roulette,twopoint,swap,10.574509803921568
0.7,0.05,roulette,twopoint,frequency,10.215686274509803
0.7,0.05,tournament,scattered,uniform,9.386274509803922
0.7,0.05,tournament,scattered,block,9.509803921568627
0.7,0.05,tournament,scattered,scramble,9.694117647058823
0.7,0.05,tournament,scattered,swap,9.684313725490195
0.7,0.05,tournament,scattered,frequency,9.492156862745098
0.7,0.05,tournament,singlepoint,uniform,9.678431372549019
0.7,0.05,tournament,singlepoint,block,10.435294117647057
0.7,0.05,tournament,singlepoint,scramble,10.301960784313724
0.7,0.05,tournament,singlepoint,swap,10.45686274509804
0.7,0.05,tournament,singlepoint,frequency,9.633333333333333
0.7,0.05,tournament,twopoint,uniform,9.754901960784313
0.7,0.05,tournament,twopoint,block,10.22156862745098
0.7,0.05,tournament,twopoint,scramble,10.14313725490196
0.7,0.05,tournament,twopoint,swap,10.115686274509802
0.7,0.05,tournament,twopoint,frequency,9.63921568627451
0.7,0.1,stochunif,scattered,uniform,9.580392156862745
0.7,0.1,stochunif,scattered,block,10.243137254901962
0.7,0.1,stochunif,scattered,scramble,10.147058823529411
0.7,0.1,stochunif,scattered,swap,10.141176470588235
0.7,0.1,stochunif,scattered,frequency,9.676470588235293
0.7,0.1,stochunif,singlepoint,uniform,9.949019607843137
0.7,0.1,stochunif,singlepoint,block,10.976470588235292
0.7,0.1,stochunif,singlepoint,scramble,11.231372549019607
0.7,0.1,stochunif,singlepoint,swap,11.505882352941175
0.7,0.1,stochunif,singlepoint,frequency,10.101960784313725
0.7,0.1,stochunif,twopoint,uniform,10.184313725490195
0.7,0.1,stochunif,twopoint,block,10.792156862745099
0.7,0.1,stochunif,twopoint,scramble,10.60392156862745
0.7,0.1,stochunif,twopoint,swap,11.550980392156863
0.7,0.1,stochunif,twopoint,frequency,9.650980392156862
0.7,0.1,roulette,scattered,uniform,9.796078431372548
0.7,0.1,roulette,scattered,block,10.768627450980393
0.7,0.1,roulette,scattered,scramble,10.331372549019608
0.7,0.1,roulette,scattered,swap,9.813725490196077
0.7,0.1,roulette,scattered,frequency,9.690196078431372
0.7,0.1,roulette,singlepoint,uniform,10.341176470588234
0.7,0.1,roulette,singlepoint,block,11.415686274509804
0.7,0.1,roulette,singlepoint,scramble,11.654901960784311
0.7,0.1,roulette,singlepoint,swap,11.503921568627451
0.7,0.1,roulette,singlepoint,frequency,10.292156862745099
0.7,0.1,roulette,twopoint,uniform,10.270588235294117
0.7,0.1,roulette,twopoint,block,10.670588235294117
0.7,0.1,roulette,twopoint,scramble,10.731372549019607
0.7,0.1,roulette,twopoint,swap,10.907843137254902
0.7,0.1,roulette,twopoint,frequency,9.819607843137254
0.7,0.1,tournament,scattered,uniform,9.419607843137253
0.7,0.1,tournament,scattered,block,9.580392156862745
0.7,0.1,tournament,scattered,scramble,9.4078431372549
0.7,0.1,tournament,scattered,swap,9.499999999999998
0.7,0.1,tournament,scattered,frequency,9.38235294117647
0.7,0.1,tournament,singlepoint,uniform,9.496078431372549
0.7,0.1,tournament,singlepoint,block,10.458823529411763
0.7,0.1,tournament,singlepoint,scramble,10.119607843137254
0.7,0.1,tournament,singlepoint,swap,10.431372549019608
0.7,0.1,tournament,singlepoint,frequency,9.83921568627451
0.7,0.1,tournament,twopoint,uniform,9.919607843137253
0.7,0.1,tournament,twopoint,block,10.011764705882351
0.7,0.1,tournament,twopoint,scramble,10.166666666666666
0.7,0.1,tournament,twopoint,swap,9.8078431372549
0.7,0.1,tournament,twopoint,frequency,9.503921568627451
0.7,0.2,stochunif,scattered,uniform,9.668627450980392
0.7,0.2,stochunif,scattered,block,9.896078431372548
0.7,0.2,stochunif,scattered,scramble,9.870588235294116
0.7,0.2,stochunif,scattered,swap,9.713725490196078
0.7,0.2,stochunif,scattered,frequency,9.574509803921568
0.7,0.2,stochunif,singlepoint,uniform,10.42156862745098
0.7,0.2,stochunif,singlepoint,block,11.033333333333333
0.7,0.2,stochunif,singlepoint,scramble,10.945098039215686
0.7,0.2,stochunif,singlepoint,swap,10.586274509803921
0.7,0.2,stochunif,singlepoint,frequency,9.73529411764706
0.7,0.2,stochunif,twopoint,uniform,10.394117647058824
0.7,0.2,stochunif,twopoint,block,10.790196078431372
0.7,0.2,stochunif,twopoint,scramble,11.10392156862745
0.7,0.2,stochunif,twopoint,swap,10.80392156862745
0.7,0.2,stochunif,twopoint,frequency,9.770588235294117
0.7,0.2,roulette,scattered,uniform,9.831372549019608
0.7,0.2,roulette,scattered,block,10.009803921568627
0.7,0.2,roulette,scattered,scramble,9.950980392156861
0.7,0.2,roulette,scattered,swap,9.84313725490196
0.7,0.2,roulette,scattered,frequency,9.60392156862745
0.7,0.2,roulette,singlepoint,uniform,10.201960784313725
0.7,0.2,roulette,singlepoint,block,11.409803921568628
0.7,0.2,roulette,singlepoint,scramble,11.376470588235295
0.7,0.2,roulette,singlepoint,swap,11.150980392156862
0.7,0.2,roulette,singlepoint,frequency,10.854901960784314
0.7,0.2,roulette,twopoint,uniform,9.984313725490196
0.7,0.2,roulette,twopoint,block,10.8
0.7,0.2,roulette,twopoint,scramble,11.06078431372549
0.7,0.2,roulette,twopoint,swap,10.178431372549019
0.7,0.2,roulette,twopoint,frequency,9.623529411764705
0.7,0.2,tournament,scattered,uniform,9.464705882352941
0.7,0.2,tournament,scattered,block,9.454901960784314
0.7,0.2,tournament,scattered,scramble,9.66078431372549
0.7,0.2,tournament,scattered,swap,9.484313725490194
0.7,0.2,tournament,scattered,frequency,9.505882352941175
0.7,0.2,tournament,singlepoint,uniform,9.588235294117647
0.7,0.2,tournament,singlepoint,block,10.090196078431372
0.7,0.2,tournament,singlepoint,scramble,10.076470588235294
0.7,0.2,tournament,singlepoint,swap,9.83921568627451
0.7,0.2,tournament,singlepoint,frequency,9.499999999999998
0.7,0.2,tournament,twopoint,uniform,9.376470588235293
0.7,0.2,tournament,twopoint,block,10.337254901960783
0.7,0.2,tournament,twopoint,scramble,9.925490196078432
0.7,0.2,tournament,twopoint,swap,9.909803921568628
0.7,0.2,tournament,twopoint,frequency,9.372549019607842
0.8,0.01,stochunif,scattered,uniform,9.890196078431371
0.8,0.01,stochunif,scattered,block,9.676470588235293
0.8,0.01,stochunif,scattered,scramble,9.790196078431373
0.8,0.01,stochunif,scattered,swap,9.931372549019608
0.8,0.01,stochunif,scattered,frequency,9.97843137254902
0.8,0.01,stochunif,singlepoint,uniform,11.147058823529411
0.8,0.01,stochunif,singlepoint,block,11.211764705882354
0.8,0.01,stochunif,singlepoint,scramble,11.17450980392157
0.8,0.01,stochunif,singlepoint,swap,10.929411764705883
0.8,0.01,stochunif,singlepoint,frequency,11.28235294117647
0.8,0.01,stochunif,twopoint,uniform,10.168627450980392
0.8,0.01,stochunif,twopoint,block,10.833333333333332
0.8,0.01,stochunif,twopoint,scramble,11.088235294117647
0.8,0.01,stochunif,twopoint,swap,10.449019607843137
0.8,0.01,stochunif,twopoint,frequency,10.431372549019606
0.8,0.01,roulette,scattered,uniform,9.849019607843136
0.8,0.01,roulette,scattered,block,9.968627450980392
0.8,0.01,roulette,scattered,scramble,9.901960784313726
0.8,0.01,roulette,scattered,swap,9.888235294117646
0.8,0.01,roulette,scattered,frequency,9.87843137254902
0.8,0.01,roulette,singlepoint,uniform,11.141176470588235
0.8,0.01,roulette,singlepoint,block,11.592156862745098
0.8,0.01,roulette,singlepoint,scramble,11.28627450980392
0.8,0.01,roulette,singlepoint,swap,11.080392156862745
0.8,0.01,roulette,singlepoint,frequency,10.76470588235294
0.8,0.01,roulette,twopoint,uniform,10.64313725490196
0.8,0.01,roulette,twopoint,block,10.823529411764705
0.8,0.01,roulette,twopoint,scramble,10.590196078431372
0.8,0.01,roulette,twopoint,swap,10.639215686274508
0.8,0.01,roulette,twopoint,frequency,10.817647058823528
0.8,0.01,tournament,scattered,uniform,9.52941176470588
0.8,0.01,tournament,scattered,block,10.058823529411764
0.8,0.01,tournament,scattered,scramble,9.631372549019606
0.8,0.01,tournament,scattered,swap,10.125490196078431
0.8,0.01,tournament,scattered,frequency,9.46862745098039
0.8,0.01,tournament,singlepoint,uniform,10.323529411764705
0.8,0.01,tournament,singlepoint,block,10.472549019607843
0.8,0.01,tournament,singlepoint,scramble,10.488235294117647
0.8,0.01,tournament,singlepoint,swap,10.40392156862745
0.8,0.01,tournament,singlepoint,frequency,10.36862745098039
0.8,0.01,tournament,twopoint,uniform,10.003921568627451
0.8,0.01,tournament,twopoint,block,10.213725490196078
0.8,0.01,tournament,twopoint,scramble,9.876470588235293
0.8,0.01,tournament,twopoint,swap,10.184313725490195
0.8,0.01,tournament,twopoint,frequency,9.619607843137254
0.8,0.02,stochunif,scattered,uniform,9.839215686274509
0.8,0.02,stochunif,scattered,block,10.072549019607843
0.8,0.02,stochunif,scattered,scramble,10.419607843137253
0.8,0.02,stochunif,scattered,swap,9.94313725490196
0.8,0.02,stochunif,scattered,frequency,10.125490196078431
0.8,0.02,stochunif,singlepoint,uniform,10.958823529411765
0.8,0.02,stochunif,singlepoint,block,11.031372549019606
0.8,0.02,stochunif,singlepoint,scramble,11.088235294117647
0.8,0.02,stochunif,singlepoint,swap,11.09607843137255
0.8,0.02,stochunif,singlepoint,frequency,10.601960784313723
0.8,0.02,stochunif,twopoint,uniform,9.96862745098039
0.8,0.02,stochunif,twopoint,block,10.196078431372548
0.8,0.02,stochunif,twopoint,scramble,10.492156862745096
0.8,0.02,stochunif,twopoint,swap,10.254901960784313
0.8,0.02,stochunif,twopoint,frequency,10.139215686274508
0.8,0.02,roulette,scattered,uniform,10.072549019607843
0.8,0.02,roulette,scattered,block,10.02941176470588
0.8,0.02,roulette,scattered,scramble,9.562745098039215
0.8,0.02,roulette,scattered,swap,9.888235294117646
0.8,0.02,roulette,scattered,frequency,9.784313725490195
0.8,0.02,roulette,singlepoint,uniform,10.894117647058824
0.8,0.02,roulette,singlepoint,block,11.021568627450979
0.8,0.02,roulette,singlepoint,scramble,11.907843137254902
0.8,0.02,roulette,singlepoint,swap,11.070588235294116
0.8,0.02,roulette,singlepoint,frequency,10.831372549019608
0.8,0.02,roulette,twopoint,uniform,10.462745098039216
0.8,0.02,roulette,twopoint,block,10.427450980392155
0.8,0.02,roulette,twopoint,scramble,11.013725490196078
0.8,0.02,roulette,twopoint,swap,10.729411764705882
0.8,0.02,roulette,twopoint,frequency,10.064705882352941
0.8,0.02,tournament,scattered,uniform,9.460784313725489
0.8,0.02,tournament,scattered,block,9.729411764705882
0.8,0.02,tournament,scattered,scramble,9.876470588235293
0.8,0.02,tournament,scattered,swap,9.88627450980392
0.8,0.02,tournament,scattered,frequency,9.49019607843137
0.8,0.02,tournament,singlepoint,uniform,9.774509803921568
0.8,0.02,tournament,singlepoint,block,10.545098039215684
0.8,0.02,tournament,singlepoint,scramble,10.309803921568626
0.8,0.02,tournament,singlepoint,swap,10.541176470588235
0.8,0.02,tournament,singlepoint,frequency,10.327450980392156
0.8,0.02,tournament,twopoint,uniform,9.933333333333334
0.8,0.02,tournament,twopoint,block,10.433333333333334
0.8,0.02,tournament,twopoint,scramble,10.149019607843135
0.8,0.02,tournament,twopoint,swap,10.370588235294118
0.8,0.02,tournament,twopoint,frequency,9.554901960784314
0.8,0.05,stochunif,scattered,uniform,9.47843137254902
0.8,0.05,stochunif,scattered,block,9.521568627450979
0.8,0.05,stochunif,scattered,scramble,9.645098039215686
0.8,0.05,stochunif,scattered,swap,9.531372549019606
0.8,0.05,stochunif,scattered,frequency,9.835294117647058
0.8,0.05,stochunif,singlepoint,uniform,10.701960784313725
0.8,0.05,stochunif,singlepoint,block,10.841176470588234
0.8,0.05,stochunif,singlepoint,scramble,11.011764705882353
0.8,0.05,stochunif,singlepoint,swap,10.637254901960784
0.8,0.05,stochunif,singlepoint,frequency,10.172549019607843
0.8,0.05,stochunif,twopoint,uniform,10.090196078431372
0.8,0.05,stochunif,twopoint,block,10.49019607843137
0.8,0.05,stochunif,twopoint,scramble,10.335294117647058
0.8,0.05,stochunif,twopoint,swap,10.143137254901962
0.8,0.05,stochunif,twopoint,frequency,9.880392156862744
0.8,0.05,roulette,scattered,uniform,9.731372549019607
0.8,0.05,roulette,scattered,block,10.354901960784314
0.8,0.05,roulette,scattered,scramble,10.111764705882353
0.8,0.05,roulette,scattered,swap,9.709803921568627
0.8,0.05,roulette,scattered,frequency,9.78627450980392
0.8,0.05,roulette,singlepoint,uniform,10.511764705882353
0.8,0.05,roulette,singlepoint,block,11.462745098039216
0.8,0.05,roulette,singlepoint,scramble,10.619607843137254
0.8,0.05,roulette,singlepoint,swap,11.270588235294117
0.8,0.05,roulette,singlepoint,frequency,10.707843137254901
0.8,0.05,roulette,twopoint,uniform,10.213725490196078
0.8,0.05,roulette,twopoint,block,10.73529411764706
0.8,0.05,roulette,twopoint,scramble,10.937254901960783
0.8,0.05,roulette,twopoint,swap,10.680392156862744
0.8,0.05,roulette,twopoint,frequency,9.898039215686273
0.8,0.05,tournament,scattered,uniform,9.572549019607843
0.8,0.05,tournament,scattered,block,9.51764705882353
0.8,0.05,tournament,scattered,scramble,9.629411764705882
0.8,0.05,tournament,scattered,swap,9.819607843137254
0.8,0.05,tournament,scattered,frequency,9.421568627450979
0.8,0.05,tournament,singlepoint,uniform,9.596078431372549
0.8,0.05,tournament,singlepoint,block,10.535294117647059
0.8,0.05,tournament,singlepoint,scramble,10.405882352941177
0.8,0.05,tournament,singlepoint,swap,10.21372549019608
0.8,0.05,tournament,singlepoint,frequency,9.933333333333334
0.8,0.05,tournament,twopoint,uniform,9.74313725490196
0.8,0.05,tournament,twopoint,block,10.04313725490196
0.8,0.05,tournament,twopoint,scramble,9.94313725490196
0.8,0.05,tournament,twopoint,swap,10.158823529411764
0.8,0.05,tournament,twopoint,frequency,9.750980392156862
0.8,0.1,stochunif,scattered,uniform,9.609803921568627
0.8,0.1,stochunif,scattered,block,10.292156862745099
0.8,0.1,stochunif,scattered,scramble,9.949019607843137
0.8,0.1,stochunif,scattered,swap,9.798039215686273
0.8,0.1,stochunif,scattered,frequency,9.882352941176471
0.8,0.1,stochunif,singlepoint,uniform,10.090196078431372
0.8,0.1,stochunif,singlepoint,block,10.962745098039216
0.8,0.1,stochunif,singlepoint,scramble,10.74705882352941
0.8,0.1,stochunif,singlepoint,swap,10.794117647058822
0.8,0.1,stochunif,singlepoint,frequency,10.025490196078431
0.8,0.1,stochunif,twopoint,uniform,10.135294117647058
0.8,0.1,stochunif,twopoint,block,10.40392156862745
0.8,0.1,stochunif,twopoint,scramble,10.970588235294118
0.8,0.1,stochunif,twopoint,swap,10.54313725490196
0.8,0.1,stochunif,twopoint,frequency,9.596078431372549
0.8,0.1,roulette,scattered,uniform,9.676470588235293
0.8,0.1,roulette,scattered,block,9.670588235294115
0.8,0.1,roulette,scattered,scramble,10.070588235294116
0.8,0.1,roulette,scattered,swap,9.896078431372548
0.8,0.1,roulette,scattered,frequency,9.876470588235293
0.8,0.1,roulette,singlepoint,uniform,10.450980392156861
0.8,0.1,roulette,singlepoint,block,11.358823529411763
0.8,0.1,roulette,singlepoint,scramble,10.735294117647058
0.8,0.1,roulette,singlepoint,swap,11.354901960784314
0.8,0.1,roulette,singlepoint,frequency,10.307843137254903
0.8,0.1,roulette,twopoint,uniform,9.925490196078432
0.8,0.1,roulette,twopoint,block,10.584313725490196
0.8,0.1,roulette,twopoint,scramble,10.4078431372549
0.8,0.1,roulette,twopoint,swap,10.609803921568627
0.8,0.1,roulette,twopoint,frequency,9.892156862745097
0.8,0.1,tournament,scattered,uniform,9.390196078431371
0.8,0.1,tournament,scattered,block,9.42941176470588
0.8,0.1,tournament,scattered,scramble,9.437254901960785
0.8,0.1,tournament,scattered,swap,9.574509803921568
0.8,0.1,tournament,scattered,frequency,9.34313725490196
0.8,0.1,tournament,singlepoint,uniform,9.492156862745096
0.8,0.1,tournament,singlepoint,block,10.474509803921567
0.8,0.1,tournament,singlepoint,scramble,9.770588235294117
0.8,0.1,tournament,singlepoint,swap,10.072549019607843
0.8,0.1,tournament,singlepoint,frequency,9.731372549019607
0.8,0.1,tournament,twopoint,uniform,9.596078431372549
0.8,0.1,tournament,twopoint,block,10.0078431372549
0.8,0.1,tournament,twopoint,scramble,10.066666666666666
0.8,0.1,tournament,twopoint,swap,9.954901960784314
0.8,0.1,tournament,twopoint,frequency,9.44705882352941
0.8,0.2,stochunif,scattered,uniform,9.749019607843136
0.8,0.2,stochunif,scattered,block,9.874509803921569
0.8,0.2,stochunif,scattered,scramble,9.962745098039216
0.8,0.2,stochunif,scattered,swap,9.492156862745098
0.8,0.2,stochunif,scattered,frequency,9.458823529411763
0.8,0.2,stochunif,singlepoint,uniform,10.452941176470587
0.8,0.2,stochunif,singlepoint,block,10.874509803921567
0.8,0.2,stochunif,singlepoint,scramble,11.313725490196079
0.8,0.2,stochunif,singlepoint,swap,10.784313725490197
0.8,0.2,stochunif,singlepoint,frequency,10.0
0.8,0.2,stochunif,twopoint,uniform,10.019607843137255
0.8,0.2,stochunif,twopoint,block,9.94313725490196
0.8,0.2,stochunif,twopoint,scramble,9.88627450980392
0.8,0.2,stochunif,twopoint,swap,10.431372549019608
0.8,0.2,stochunif,twopoint,frequency,9.827450980392157
0.8,0.2,roulette,scattered,uniform,9.731372549019607
0.8,0.2,roulette,scattered,block,9.998039215686273
0.8,0.2,roulette,scattered,scramble,9.86470588235294
0.8,0.2,roulette,scattered,swap,9.735294117647058
0.8,0.2,roulette,scattered,frequency,9.625490196078431
0.8,0.2,roulette,singlepoint,uniform,10.035294117647059
0.8,0.2,roulette,singlepoint,block,11.425490196078432
0.8,0.2,roulette,singlepoint,scramble,10.537254901960782
0.8,0.2,roulette,singlepoint,swap,10.635294117647058
0.8,0.2,roulette,singlepoint,frequency,10.14705882352941
0.8,0.2,roulette,twopoint,uniform,9.696078431372548
0.8,0.2,roulette,twopoint,block,11.33921568627451
0.8,0.2,roulette,twopoint,scramble,10.72156862745098
0.8,0.2,roulette,twopoint,swap,10.152941176470588
0.8,0.2,roulette,twopoint,frequency,9.849019607843136
0.8,0.2,tournament,scattered,uniform,9.566666666666666
0.8,0.2,tournament,scattered,block,9.517647058823528
0.8,0.2,tournament,scattered,scramble,9.511764705882353
0.8,0.2,tournament,scattered,swap,9.311764705882352
0.8,0.2,tournament,scattered,frequency,9.341176470588234
0.8,0.2,tournament,singlepoint,uniform,9.511764705882353
0.8,0.2,tournament,singlepoint,block,10.262745098039215
0.8,0.2,tournament,singlepoint,scramble,9.762745098039215
0.8,0.2,tournament,singlepoint,swap,9.927450980392155
0.8,0.2,tournament,singlepoint,frequency,9.523529411764704
0.8,0.2,tournament,twopoint,uniform,9.588235294117647
0.8,0.2,tournament,twopoint,block,9.68235294117647
0.8,0.2,tournament,twopoint,scramble,9.611764705882353
0.8,0.2,tournament,twopoint,swap,9.7
0.8,0.2,tournament,twopoint,frequency,9.627450980392156
